USE [TET_Supplier]
GO
SET IDENTITY_INSERT [dbo].[MediaFiles] ON 
GO
INSERT [dbo].[MediaFiles] ([SeqNo], [ID], [ModuleName], [ModuleID], [Purpose], [FilePath], [OrgFileName], [OutputFileName], [MimeType], [RequireAuth], [IsEnable], [CreateUser], [CreateDate], [ModifyUser], [ModifyDate], [DeleteUser], [DeleteDate]) VALUES (2057, N'b3b4baf0-2b83-4cea-bd29-0002e85be77b', N'CLPart', N'5128ee0c-2e0c-43f9-83b8-720512ee94af', N'GeometryPDF', N'CLPart/20220426_095800_791721951.txt', N'EmptyTxt.txt', N'EmptyTxt.txt', N'text/plain', 0, 1, N'F9C2F7F4-CF1A-41C0-B767-0D5217E8863F', CAST(N'2022-04-26T11:25:27.597' AS DateTime), NULL, NULL, NULL, NULL)
GO
INSERT [dbo].[MediaFiles] ([SeqNo], [ID], [ModuleName], [ModuleID], [Purpose], [FilePath], [OrgFileName], [OutputFileName], [MimeType], [RequireAuth], [IsEnable], [CreateUser], [CreateDate], [ModifyUser], [ModifyDate], [DeleteUser], [DeleteDate]) VALUES (2078, N'd01e08de-b9bd-4f41-b3a0-0251a9807e11', N'ApplyNote', N'ed2c2d6b-dacd-484e-8fc0-b4d6bf414fcf', N'LayoutDXF', N'/FileDownload/ApplyNote/2204260003/100/20220426_165625_312192819.txt', N'EmptyTxt.txt', N'EmptyTxt.txt', N'text/plain', 0, 1, N'F9C2F7F4-CF1A-41C0-B767-0D5217E8863F', CAST(N'2022-04-26T16:56:13.940' AS DateTime), NULL, NULL, NULL, NULL)
GO
INSERT [dbo].[MediaFiles] ([SeqNo], [ID], [ModuleName], [ModuleID], [Purpose], [FilePath], [OrgFileName], [OutputFileName], [MimeType], [RequireAuth], [IsEnable], [CreateUser], [CreateDate], [ModifyUser], [ModifyDate], [DeleteUser], [DeleteDate]) VALUES (2039, N'3007c34d-acb9-42d2-90ad-02e5f941cfd2', N'ApplyNote', N'9b420be0-799d-4aba-9a0b-9122972b7b35', N'GeometrySpec', N'/FileDownload/ApplyNote/2204260002/100/20220426_095800_798702204.txt', N'EmptyTxt.txt', N'EmptyTxt.txt', N'text/plain', 0, 1, N'F9C2F7F4-CF1A-41C0-B767-0D5217E8863F', CAST(N'2022-04-26T09:58:00.623' AS DateTime), NULL, NULL, NULL, NULL)
GO
INSERT [dbo].[MediaFiles] ([SeqNo], [ID], [ModuleName], [ModuleID], [Purpose], [FilePath], [OrgFileName], [OutputFileName], [MimeType], [RequireAuth], [IsEnable], [CreateUser], [CreateDate], [ModifyUser], [ModifyDate], [DeleteUser], [DeleteDate]) VALUES (2050, N'24e6474f-2920-4716-9385-04000bd2d641', N'CLPart', N'5128ee0c-2e0c-43f9-83b8-720512ee94af', N'MCADDXF', N'CLPart/20220426_095800_774765637.txt', N'EmptyTxt.txt', N'EmptyTxt.txt', N'text/plain', 0, 1, N'F9C2F7F4-CF1A-41C0-B767-0D5217E8863F', CAST(N'2022-04-26T11:25:27.597' AS DateTime), NULL, NULL, NULL, NULL)
GO
INSERT [dbo].[MediaFiles] ([SeqNo], [ID], [ModuleName], [ModuleID], [Purpose], [FilePath], [OrgFileName], [OutputFileName], [MimeType], [RequireAuth], [IsEnable], [CreateUser], [CreateDate], [ModifyUser], [ModifyDate], [DeleteUser], [DeleteDate]) VALUES (3039, N'00c74d04-2757-4a97-8d8a-07233762e6c7', N'CLPart', N'd5ba426b-2748-4cec-81fb-dfe6846935d1', N'PSGAllegroSymbolPDF', N'/FileDownload/CLPart/20220427_101650_882463832.txt', N'EmptyTxt.txt', N'EmptyTxt.txt', N'text/plain', 0, 1, N'F9C2F7F4-CF1A-41C0-B767-0D5217E8863F', CAST(N'2022-04-27T10:19:58.137' AS DateTime), NULL, NULL, NULL, NULL)
GO
INSERT [dbo].[MediaFiles] ([SeqNo], [ID], [ModuleName], [ModuleID], [Purpose], [FilePath], [OrgFileName], [OutputFileName], [MimeType], [RequireAuth], [IsEnable], [CreateUser], [CreateDate], [ModifyUser], [ModifyDate], [DeleteUser], [DeleteDate]) VALUES (2049, N'1e28f690-fa11-4301-bba0-09d27d0a4018', N'CLPart', N'5128ee0c-2e0c-43f9-83b8-720512ee94af', N'VendorDXF', N'CLPart/20220426_095800_7608842.txt', N'EmptyTxt.txt', N'EmptyTxt.txt', N'text/plain', 0, 1, N'F9C2F7F4-CF1A-41C0-B767-0D5217E8863F', CAST(N'2022-04-26T11:25:27.597' AS DateTime), NULL, NULL, NULL, NULL)
GO
INSERT [dbo].[MediaFiles] ([SeqNo], [ID], [ModuleName], [ModuleID], [Purpose], [FilePath], [OrgFileName], [OutputFileName], [MimeType], [RequireAuth], [IsEnable], [CreateUser], [CreateDate], [ModifyUser], [ModifyDate], [DeleteUser], [DeleteDate]) VALUES (4035, N'a4b44373-05f2-41ae-a741-0a079057990e', N'ApplyNote', N'b82362d9-1924-4248-bf21-07e322f64eda', N'LayoutDXF', N'/FileDownload/ApplyNote/2205100001/100/20220510_141201_986486873.txt', N'EmptyTxt.txt', N'EmptyTxt.txt', N'text/plain', 0, 1, N'F9C2F7F4-CF1A-41C0-B767-0D5217E8863F', CAST(N'2022-05-10T14:12:01.840' AS DateTime), NULL, NULL, NULL, NULL)
GO
INSERT [dbo].[MediaFiles] ([SeqNo], [ID], [ModuleName], [ModuleID], [Purpose], [FilePath], [OrgFileName], [OutputFileName], [MimeType], [RequireAuth], [IsEnable], [CreateUser], [CreateDate], [ModifyUser], [ModifyDate], [DeleteUser], [DeleteDate]) VALUES (4032, N'60bf8b6b-e118-45fd-a311-0cb0ee0b2a3f', N'ApplyNote', N'b82362d9-1924-4248-bf21-07e322f64eda', N'VendorSpec', N'/FileDownload/ApplyNote/2205100001/24/20220510_141201_926617297.txt', N'EmptyTxt.txt', N'EmptyTxt.txt', N'text/plain', 0, 1, N'F9C2F7F4-CF1A-41C0-B767-0D5217E8863F', CAST(N'2022-05-10T14:12:01.840' AS DateTime), NULL, NULL, NULL, NULL)
GO
INSERT [dbo].[MediaFiles] ([SeqNo], [ID], [ModuleName], [ModuleID], [Purpose], [FilePath], [OrgFileName], [OutputFileName], [MimeType], [RequireAuth], [IsEnable], [CreateUser], [CreateDate], [ModifyUser], [ModifyDate], [DeleteUser], [DeleteDate]) VALUES (4029, N'0dec3984-0f8e-461f-9302-0d7eb94a84a1', N'ApplyNote', N'b82362d9-1924-4248-bf21-07e322f64eda', N'PSGAllegroSymbolPDF', N'/FileDownload/ApplyNote/2205100001/28/20220510_141201_963273069.txt', N'EmptyTxt.txt', N'EmptyTxt.txt', N'text/plain', 0, 1, N'F9C2F7F4-CF1A-41C0-B767-0D5217E8863F', CAST(N'2022-05-10T14:12:01.840' AS DateTime), NULL, NULL, NULL, NULL)
GO
INSERT [dbo].[MediaFiles] ([SeqNo], [ID], [ModuleName], [ModuleID], [Purpose], [FilePath], [OrgFileName], [OutputFileName], [MimeType], [RequireAuth], [IsEnable], [CreateUser], [CreateDate], [ModifyUser], [ModifyDate], [DeleteUser], [DeleteDate]) VALUES (2063, N'46ce8802-3e95-40a9-93fd-13143d5e41b2', N'CLPart', N'f526c2a2-fd64-4258-8e55-1646ae9e6cb2', N'SymbolFile', N'/FileDownload/CLPart/20220426_095800_767782549.txt', N'EmptyTxt.txt', N'EmptyTxt.txt', N'text/plain', 0, 1, N'F9C2F7F4-CF1A-41C0-B767-0D5217E8863F', CAST(N'2022-04-26T11:31:17.483' AS DateTime), NULL, NULL, NULL, NULL)
GO
INSERT [dbo].[MediaFiles] ([SeqNo], [ID], [ModuleName], [ModuleID], [Purpose], [FilePath], [OrgFileName], [OutputFileName], [MimeType], [RequireAuth], [IsEnable], [CreateUser], [CreateDate], [ModifyUser], [ModifyDate], [DeleteUser], [DeleteDate]) VALUES (4037, N'e49fc28d-3e56-40ae-920e-132759bb1f05', N'ApplyNote', N'b82362d9-1924-4248-bf21-07e322f64eda', N'Vendor3D', N'/FileDownload/ApplyNote/2205100001/25/20220510_141201_937649164.txt', N'EmptyTxt.txt', N'EmptyTxt.txt', N'text/plain', 0, 1, N'F9C2F7F4-CF1A-41C0-B767-0D5217E8863F', CAST(N'2022-05-10T14:12:01.840' AS DateTime), NULL, NULL, NULL, NULL)
GO
INSERT [dbo].[MediaFiles] ([SeqNo], [ID], [ModuleName], [ModuleID], [Purpose], [FilePath], [OrgFileName], [OutputFileName], [MimeType], [RequireAuth], [IsEnable], [CreateUser], [CreateDate], [ModifyUser], [ModifyDate], [DeleteUser], [DeleteDate]) VALUES (4046, N'd13cd55b-8727-4e2f-b33b-14c0400f874c', N'CLPart', N'3fd5b4bf-12e3-4fff-a61e-7dc3f91afbde', N'VendorDXF', N'/FileDownload/CLPart/20220510_141201_945714681.txt', N'EmptyTxt.txt', N'EmptyTxt.txt', N'text/plain', 0, 1, N'F9C2F7F4-CF1A-41C0-B767-0D5217E8863F', CAST(N'2022-05-10T14:28:46.660' AS DateTime), NULL, NULL, NULL, NULL)
GO
INSERT [dbo].[MediaFiles] ([SeqNo], [ID], [ModuleName], [ModuleID], [Purpose], [FilePath], [OrgFileName], [OutputFileName], [MimeType], [RequireAuth], [IsEnable], [CreateUser], [CreateDate], [ModifyUser], [ModifyDate], [DeleteUser], [DeleteDate]) VALUES (12, N'425ef8c0-3996-4480-9793-197c11687792', N'CLCategoryAttribute', N'00000000-0000-0000-0000-000000000000', N'', N'/FileDownload/CLCategoryAttribute/20220420_131208_762772173.png', N'測試上傳.png', N'測試上傳.png', N'image/png', 0, 1, N'F9C2F7F4-CF1A-41C0-B767-0D5217E8863F', CAST(N'2022-04-20T13:12:08.747' AS DateTime), NULL, NULL, NULL, NULL)
GO
INSERT [dbo].[MediaFiles] ([SeqNo], [ID], [ModuleName], [ModuleID], [Purpose], [FilePath], [OrgFileName], [OutputFileName], [MimeType], [RequireAuth], [IsEnable], [CreateUser], [CreateDate], [ModifyUser], [ModifyDate], [DeleteUser], [DeleteDate]) VALUES (2056, N'a0ea89fd-3a8a-4987-928b-19f5e5004c36', N'CLPart', N'5128ee0c-2e0c-43f9-83b8-720512ee94af', N'PSGAllegroSymbolPDF', N'CLPart/20220426_095800_781745725.txt', N'EmptyTxt.txt', N'EmptyTxt.txt', N'text/plain', 0, 1, N'F9C2F7F4-CF1A-41C0-B767-0D5217E8863F', CAST(N'2022-04-26T11:25:27.597' AS DateTime), NULL, NULL, NULL, NULL)
GO
INSERT [dbo].[MediaFiles] ([SeqNo], [ID], [ModuleName], [ModuleID], [Purpose], [FilePath], [OrgFileName], [OutputFileName], [MimeType], [RequireAuth], [IsEnable], [CreateUser], [CreateDate], [ModifyUser], [ModifyDate], [DeleteUser], [DeleteDate]) VALUES (3034, N'9c1c6a94-f956-4d24-9ec8-1dd1c0d21727', N'ApplyNote', N'5930257b-9a08-4847-803e-cacbe94cbc19', N'VendorSpec', N'/FileDownload/ApplyNote/2204270001/24/20220427_101650_838037616.txt', N'EmptyTxt.txt', N'EmptyTxt.txt', N'text/plain', 0, 1, N'F9C2F7F4-CF1A-41C0-B767-0D5217E8863F', CAST(N'2022-04-27T10:16:50.740' AS DateTime), NULL, NULL, NULL, NULL)
GO
INSERT [dbo].[MediaFiles] ([SeqNo], [ID], [ModuleName], [ModuleID], [Purpose], [FilePath], [OrgFileName], [OutputFileName], [MimeType], [RequireAuth], [IsEnable], [CreateUser], [CreateDate], [ModifyUser], [ModifyDate], [DeleteUser], [DeleteDate]) VALUES (3037, N'f5749232-5625-4d68-a996-243137ed6eda', N'ApplyNote', N'5930257b-9a08-4847-803e-cacbe94cbc19', N'PESpec', N'/FileDownload/ApplyNote/2204270001/30/20220427_101650_889476817.txt', N'EmptyTxt.txt', N'EmptyTxt.txt', N'text/plain', 0, 1, N'F9C2F7F4-CF1A-41C0-B767-0D5217E8863F', CAST(N'2022-04-27T10:16:50.740' AS DateTime), NULL, NULL, NULL, NULL)
GO
INSERT [dbo].[MediaFiles] ([SeqNo], [ID], [ModuleName], [ModuleID], [Purpose], [FilePath], [OrgFileName], [OutputFileName], [MimeType], [RequireAuth], [IsEnable], [CreateUser], [CreateDate], [ModifyUser], [ModifyDate], [DeleteUser], [DeleteDate]) VALUES (10, N'ac3b1832-2845-4066-b374-256d39eb2614', N'CLCategoryAttribute', N'00000000-0000-0000-0000-000000000000', N'', N'/FileDownload/CLCategoryAttribute/20220420_092607_398782576.png', N'測試上傳.png', N'測試上傳.png', N'image/png', 0, 1, N'F9C2F7F4-CF1A-41C0-B767-0D5217E8863F', CAST(N'2022-04-20T09:26:07.387' AS DateTime), NULL, NULL, NULL, NULL)
GO
INSERT [dbo].[MediaFiles] ([SeqNo], [ID], [ModuleName], [ModuleID], [Purpose], [FilePath], [OrgFileName], [OutputFileName], [MimeType], [RequireAuth], [IsEnable], [CreateUser], [CreateDate], [ModifyUser], [ModifyDate], [DeleteUser], [DeleteDate]) VALUES (3043, N'43c174a8-4599-4a29-ac9e-262892bf17a6', N'CLPart', N'd5ba426b-2748-4cec-81fb-dfe6846935d1', N'GeometrySpec', N'/FileDownload/CLPart/20220427_101650_902417655.txt', N'EmptyTxt.txt', N'EmptyTxt.txt', N'text/plain', 0, 1, N'F9C2F7F4-CF1A-41C0-B767-0D5217E8863F', CAST(N'2022-04-27T10:19:58.137' AS DateTime), NULL, NULL, NULL, NULL)
GO
INSERT [dbo].[MediaFiles] ([SeqNo], [ID], [ModuleName], [ModuleID], [Purpose], [FilePath], [OrgFileName], [OutputFileName], [MimeType], [RequireAuth], [IsEnable], [CreateUser], [CreateDate], [ModifyUser], [ModifyDate], [DeleteUser], [DeleteDate]) VALUES (3047, N'8c18fff2-560a-47f9-896a-29a98c9fa210', N'CLPart', N'd5ba426b-2748-4cec-81fb-dfe6846935d1', N'LayoutDXF', N'/FileDownload/CLPart/20220427_101650_907404249.txt', N'EmptyTxt.txt', N'EmptyTxt.txt', N'text/plain', 0, 1, N'F9C2F7F4-CF1A-41C0-B767-0D5217E8863F', CAST(N'2022-04-27T10:19:58.137' AS DateTime), NULL, NULL, NULL, NULL)
GO
INSERT [dbo].[MediaFiles] ([SeqNo], [ID], [ModuleName], [ModuleID], [Purpose], [FilePath], [OrgFileName], [OutputFileName], [MimeType], [RequireAuth], [IsEnable], [CreateUser], [CreateDate], [ModifyUser], [ModifyDate], [DeleteUser], [DeleteDate]) VALUES (4034, N'8f31f990-1674-4568-ac5d-29afa7d89e9d', N'ApplyNote', N'b82362d9-1924-4248-bf21-07e322f64eda', N'SymbolFile', N'/FileDownload/ApplyNote/2205100001/27/20220510_141201_950049682.txt', N'EmptyTxt.txt', N'EmptyTxt.txt', N'text/plain', 0, 1, N'F9C2F7F4-CF1A-41C0-B767-0D5217E8863F', CAST(N'2022-05-10T14:12:01.840' AS DateTime), NULL, NULL, NULL, NULL)
GO
INSERT [dbo].[MediaFiles] ([SeqNo], [ID], [ModuleName], [ModuleID], [Purpose], [FilePath], [OrgFileName], [OutputFileName], [MimeType], [RequireAuth], [IsEnable], [CreateUser], [CreateDate], [ModifyUser], [ModifyDate], [DeleteUser], [DeleteDate]) VALUES (2077, N'cce6171f-7281-4ba0-be3e-2a099100ae18', N'ApplyNote', N'ed2c2d6b-dacd-484e-8fc0-b4d6bf414fcf', N'VendorSpec', N'/FileDownload/ApplyNote/2204260003/24/20220426_165625_249375282.txt', N'EmptyTxt.txt', N'EmptyTxt.txt', N'text/plain', 0, 1, N'F9C2F7F4-CF1A-41C0-B767-0D5217E8863F', CAST(N'2022-04-26T16:56:13.940' AS DateTime), NULL, NULL, NULL, NULL)
GO
INSERT [dbo].[MediaFiles] ([SeqNo], [ID], [ModuleName], [ModuleID], [Purpose], [FilePath], [OrgFileName], [OutputFileName], [MimeType], [RequireAuth], [IsEnable], [CreateUser], [CreateDate], [ModifyUser], [ModifyDate], [DeleteUser], [DeleteDate]) VALUES (8, N'fbd91cd5-2b57-4930-aa10-2ad3c4bd13ce', N'Portal', N'15e34669-cc25-48c5-85c6-6af49252cbfe', N'', N'/Images/logo.png', N'Logo.png', N'logo.png', N'image/png', 0, 1, N'F9C2F7F4-CF1A-41C0-B767-0D5217E8863F', CAST(N'2021-12-10T10:33:26.043' AS DateTime), NULL, NULL, NULL, NULL)
GO
INSERT [dbo].[MediaFiles] ([SeqNo], [ID], [ModuleName], [ModuleID], [Purpose], [FilePath], [OrgFileName], [OutputFileName], [MimeType], [RequireAuth], [IsEnable], [CreateUser], [CreateDate], [ModifyUser], [ModifyDate], [DeleteUser], [DeleteDate]) VALUES (2055, N'94ee3efb-de4e-4399-b5c3-2f97ab70e7a3', N'CLPart', N'5128ee0c-2e0c-43f9-83b8-720512ee94af', N'SymbolFile', N'CLPart/20220426_095800_767782549.txt', N'EmptyTxt.txt', N'EmptyTxt.txt', N'text/plain', 0, 1, N'F9C2F7F4-CF1A-41C0-B767-0D5217E8863F', CAST(N'2022-04-26T11:25:27.597' AS DateTime), NULL, NULL, NULL, NULL)
GO
INSERT [dbo].[MediaFiles] ([SeqNo], [ID], [ModuleName], [ModuleID], [Purpose], [FilePath], [OrgFileName], [OutputFileName], [MimeType], [RequireAuth], [IsEnable], [CreateUser], [CreateDate], [ModifyUser], [ModifyDate], [DeleteUser], [DeleteDate]) VALUES (2067, N'87bd8d45-1708-4962-aba0-30a0b98f77f6', N'CLPart', N'f526c2a2-fd64-4258-8e55-1646ae9e6cb2', N'LayoutDXF', N'/FileDownload/CLPart/20220426_095800_802691281.txt', N'EmptyTxt.txt', N'EmptyTxt.txt', N'text/plain', 0, 1, N'F9C2F7F4-CF1A-41C0-B767-0D5217E8863F', CAST(N'2022-04-26T11:31:17.483' AS DateTime), NULL, NULL, NULL, NULL)
GO
INSERT [dbo].[MediaFiles] ([SeqNo], [ID], [ModuleName], [ModuleID], [Purpose], [FilePath], [OrgFileName], [OutputFileName], [MimeType], [RequireAuth], [IsEnable], [CreateUser], [CreateDate], [ModifyUser], [ModifyDate], [DeleteUser], [DeleteDate]) VALUES (4048, N'eafe197b-a670-4c4b-895b-378a1f2b42a6', N'CLPart', N'3fd5b4bf-12e3-4fff-a61e-7dc3f91afbde', N'Vendor3D', N'/FileDownload/CLPart/20220510_141201_937649164.txt', N'EmptyTxt.txt', N'EmptyTxt.txt', N'text/plain', 0, 1, N'F9C2F7F4-CF1A-41C0-B767-0D5217E8863F', CAST(N'2022-05-10T14:28:46.660' AS DateTime), NULL, NULL, NULL, NULL)
GO
INSERT [dbo].[MediaFiles] ([SeqNo], [ID], [ModuleName], [ModuleID], [Purpose], [FilePath], [OrgFileName], [OutputFileName], [MimeType], [RequireAuth], [IsEnable], [CreateUser], [CreateDate], [ModifyUser], [ModifyDate], [DeleteUser], [DeleteDate]) VALUES (3029, N'235a5fb1-9b99-47ed-b847-3905fb9b316b', N'ApplyNote', N'5930257b-9a08-4847-803e-cacbe94cbc19', N'GeometryPDF', N'/FileDownload/ApplyNote/2204270001/29/20220427_101650_898425489.txt', N'EmptyTxt.txt', N'EmptyTxt.txt', N'text/plain', 0, 1, N'F9C2F7F4-CF1A-41C0-B767-0D5217E8863F', CAST(N'2022-04-27T10:16:50.740' AS DateTime), NULL, NULL, NULL, NULL)
GO
INSERT [dbo].[MediaFiles] ([SeqNo], [ID], [ModuleName], [ModuleID], [Purpose], [FilePath], [OrgFileName], [OutputFileName], [MimeType], [RequireAuth], [IsEnable], [CreateUser], [CreateDate], [ModifyUser], [ModifyDate], [DeleteUser], [DeleteDate]) VALUES (2058, N'bde561ec-cb7f-46f2-81ec-396f3d7fe227', N'CLPart', N'5128ee0c-2e0c-43f9-83b8-720512ee94af', N'PESpec', N'CLPart/20220426_095800_78673978.txt', N'EmptyTxt.txt', N'EmptyTxt.txt', N'text/plain', 0, 1, N'F9C2F7F4-CF1A-41C0-B767-0D5217E8863F', CAST(N'2022-04-26T11:25:27.597' AS DateTime), NULL, NULL, NULL, NULL)
GO
INSERT [dbo].[MediaFiles] ([SeqNo], [ID], [ModuleName], [ModuleID], [Purpose], [FilePath], [OrgFileName], [OutputFileName], [MimeType], [RequireAuth], [IsEnable], [CreateUser], [CreateDate], [ModifyUser], [ModifyDate], [DeleteUser], [DeleteDate]) VALUES (2062, N'38ace3c4-53f9-415b-b742-3eac63d775a3', N'CLPart', N'f526c2a2-fd64-4258-8e55-1646ae9e6cb2', N'VendorSpec', N'/FileDownload/CLPart/20220426_095800_746839199.txt', N'EmptyTxt.txt', N'EmptyTxt.txt', N'text/plain', 0, 1, N'F9C2F7F4-CF1A-41C0-B767-0D5217E8863F', CAST(N'2022-04-26T11:31:17.483' AS DateTime), NULL, NULL, NULL, NULL)
GO
INSERT [dbo].[MediaFiles] ([SeqNo], [ID], [ModuleName], [ModuleID], [Purpose], [FilePath], [OrgFileName], [OutputFileName], [MimeType], [RequireAuth], [IsEnable], [CreateUser], [CreateDate], [ModifyUser], [ModifyDate], [DeleteUser], [DeleteDate]) VALUES (2069, N'1e170c2a-e817-4df7-8cef-41cf6634275b', N'ApplyNote', N'ed2c2d6b-dacd-484e-8fc0-b4d6bf414fcf', N'Vendor3D', N'/FileDownload/ApplyNote/2204260003/25/20220426_165625_26033777.txt', N'EmptyTxt.txt', N'EmptyTxt.txt', N'text/plain', 0, 1, N'F9C2F7F4-CF1A-41C0-B767-0D5217E8863F', CAST(N'2022-04-26T16:56:13.940' AS DateTime), NULL, NULL, NULL, NULL)
GO
INSERT [dbo].[MediaFiles] ([SeqNo], [ID], [ModuleName], [ModuleID], [Purpose], [FilePath], [OrgFileName], [OutputFileName], [MimeType], [RequireAuth], [IsEnable], [CreateUser], [CreateDate], [ModifyUser], [ModifyDate], [DeleteUser], [DeleteDate]) VALUES (4043, N'9c8f7961-6e4a-4695-980e-42ce868ff725', N'CLPart', N'3fd5b4bf-12e3-4fff-a61e-7dc3f91afbde', N'LayoutDXF', N'/FileDownload/CLPart/20220510_141201_986486873.txt', N'EmptyTxt.txt', N'EmptyTxt.txt', N'text/plain', 0, 1, N'F9C2F7F4-CF1A-41C0-B767-0D5217E8863F', CAST(N'2022-05-10T14:28:46.660' AS DateTime), NULL, NULL, NULL, NULL)
GO
INSERT [dbo].[MediaFiles] ([SeqNo], [ID], [ModuleName], [ModuleID], [Purpose], [FilePath], [OrgFileName], [OutputFileName], [MimeType], [RequireAuth], [IsEnable], [CreateUser], [CreateDate], [ModifyUser], [ModifyDate], [DeleteUser], [DeleteDate]) VALUES (2068, N'ee7800d4-60db-4c40-8bb4-4898df31461b', N'CLPart', N'f526c2a2-fd64-4258-8e55-1646ae9e6cb2', N'VendorDXF', N'/FileDownload/CLPart/20220426_095800_7608842.txt', N'EmptyTxt.txt', N'EmptyTxt.txt', N'text/plain', 0, 1, N'F9C2F7F4-CF1A-41C0-B767-0D5217E8863F', CAST(N'2022-04-26T11:31:17.483' AS DateTime), NULL, NULL, NULL, NULL)
GO
INSERT [dbo].[MediaFiles] ([SeqNo], [ID], [ModuleName], [ModuleID], [Purpose], [FilePath], [OrgFileName], [OutputFileName], [MimeType], [RequireAuth], [IsEnable], [CreateUser], [CreateDate], [ModifyUser], [ModifyDate], [DeleteUser], [DeleteDate]) VALUES (2073, N'4dd8a3ba-c38a-4797-8a8e-4c376149b7d7', N'ApplyNote', N'ed2c2d6b-dacd-484e-8fc0-b4d6bf414fcf', N'PSGAllegroSymbolPDF', N'/FileDownload/ApplyNote/2204260003/28/20220426_165625_286262350.txt', N'EmptyTxt.txt', N'EmptyTxt.txt', N'text/plain', 0, 1, N'F9C2F7F4-CF1A-41C0-B767-0D5217E8863F', CAST(N'2022-04-26T16:56:13.940' AS DateTime), NULL, NULL, NULL, NULL)
GO
INSERT [dbo].[MediaFiles] ([SeqNo], [ID], [ModuleName], [ModuleID], [Purpose], [FilePath], [OrgFileName], [OutputFileName], [MimeType], [RequireAuth], [IsEnable], [CreateUser], [CreateDate], [ModifyUser], [ModifyDate], [DeleteUser], [DeleteDate]) VALUES (3042, N'34d3c335-8769-4447-b939-4db87cb1d077', N'CLPart', N'd5ba426b-2748-4cec-81fb-dfe6846935d1', N'VendorDXF', N'/FileDownload/CLPart/20220427_101650_865512369.txt', N'EmptyTxt.txt', N'EmptyTxt.txt', N'text/plain', 0, 1, N'F9C2F7F4-CF1A-41C0-B767-0D5217E8863F', CAST(N'2022-04-27T10:19:58.137' AS DateTime), NULL, NULL, NULL, NULL)
GO
INSERT [dbo].[MediaFiles] ([SeqNo], [ID], [ModuleName], [ModuleID], [Purpose], [FilePath], [OrgFileName], [OutputFileName], [MimeType], [RequireAuth], [IsEnable], [CreateUser], [CreateDate], [ModifyUser], [ModifyDate], [DeleteUser], [DeleteDate]) VALUES (2040, N'360ff4ae-abba-4c4e-a09b-4ece4acec489', N'ApplyNote', N'9b420be0-799d-4aba-9a0b-9122972b7b35', N'Vendor3D', N'/FileDownload/ApplyNote/2204260002/25/20220426_095800_756811591.txt', N'EmptyTxt.txt', N'EmptyTxt.txt', N'text/plain', 0, 1, N'F9C2F7F4-CF1A-41C0-B767-0D5217E8863F', CAST(N'2022-04-26T09:58:00.623' AS DateTime), NULL, NULL, NULL, NULL)
GO
INSERT [dbo].[MediaFiles] ([SeqNo], [ID], [ModuleName], [ModuleID], [Purpose], [FilePath], [OrgFileName], [OutputFileName], [MimeType], [RequireAuth], [IsEnable], [CreateUser], [CreateDate], [ModifyUser], [ModifyDate], [DeleteUser], [DeleteDate]) VALUES (4039, N'01b0f88c-eed4-4120-8753-4fa869637bff', N'CLPart', N'3fd5b4bf-12e3-4fff-a61e-7dc3f91afbde', N'SymbolFile', N'/FileDownload/CLPart/20220510_141201_950049682.txt', N'EmptyTxt.txt', N'EmptyTxt.txt', N'text/plain', 0, 1, N'F9C2F7F4-CF1A-41C0-B767-0D5217E8863F', CAST(N'2022-05-10T14:28:46.660' AS DateTime), NULL, NULL, NULL, NULL)
GO
INSERT [dbo].[MediaFiles] ([SeqNo], [ID], [ModuleName], [ModuleID], [Purpose], [FilePath], [OrgFileName], [OutputFileName], [MimeType], [RequireAuth], [IsEnable], [CreateUser], [CreateDate], [ModifyUser], [ModifyDate], [DeleteUser], [DeleteDate]) VALUES (11, N'd7874a83-9455-4030-b0a9-5ce6e9521e60', N'CLCategoryAttribute', N'00000000-0000-0000-0000-000000000000', N'', N'/FileDownload/CLCategoryAttribute/20220420_131058_570698726.png', N'測試上傳.png', N'測試上傳.png', N'image/png', 0, 1, N'F9C2F7F4-CF1A-41C0-B767-0D5217E8863F', CAST(N'2022-04-20T13:10:58.523' AS DateTime), NULL, NULL, NULL, NULL)
GO
INSERT [dbo].[MediaFiles] ([SeqNo], [ID], [ModuleName], [ModuleID], [Purpose], [FilePath], [OrgFileName], [OutputFileName], [MimeType], [RequireAuth], [IsEnable], [CreateUser], [CreateDate], [ModifyUser], [ModifyDate], [DeleteUser], [DeleteDate]) VALUES (2047, N'aea296ff-535a-488f-ac24-5d6ce8f01d43', N'ApplyNote', N'9b420be0-799d-4aba-9a0b-9122972b7b35', N'SymbolFile', N'/FileDownload/ApplyNote/2204260002/27/20220426_095800_767782549.txt', N'EmptyTxt.txt', N'EmptyTxt.txt', N'text/plain', 0, 1, N'F9C2F7F4-CF1A-41C0-B767-0D5217E8863F', CAST(N'2022-04-26T09:58:00.623' AS DateTime), NULL, NULL, NULL, NULL)
GO
INSERT [dbo].[MediaFiles] ([SeqNo], [ID], [ModuleName], [ModuleID], [Purpose], [FilePath], [OrgFileName], [OutputFileName], [MimeType], [RequireAuth], [IsEnable], [CreateUser], [CreateDate], [ModifyUser], [ModifyDate], [DeleteUser], [DeleteDate]) VALUES (2059, N'1fdb9b44-7c32-4a72-b719-6537569dfb5f', N'CLPart', N'f526c2a2-fd64-4258-8e55-1646ae9e6cb2', N'PSGAllegroSymbolPDF', N'/FileDownload/CLPart/20220426_095800_781745725.txt', N'EmptyTxt.txt', N'EmptyTxt.txt', N'text/plain', 0, 1, N'F9C2F7F4-CF1A-41C0-B767-0D5217E8863F', CAST(N'2022-04-26T11:31:17.483' AS DateTime), NULL, NULL, NULL, NULL)
GO
INSERT [dbo].[MediaFiles] ([SeqNo], [ID], [ModuleName], [ModuleID], [Purpose], [FilePath], [OrgFileName], [OutputFileName], [MimeType], [RequireAuth], [IsEnable], [CreateUser], [CreateDate], [ModifyUser], [ModifyDate], [DeleteUser], [DeleteDate]) VALUES (2075, N'5de1dda5-02ab-4f68-b55a-6848888e5c2a', N'ApplyNote', N'ed2c2d6b-dacd-484e-8fc0-b4d6bf414fcf', N'VendorDXF', N'/FileDownload/ApplyNote/2204260003/82/20220426_165625_267318429.txt', N'EmptyTxt.txt', N'EmptyTxt.txt', N'text/plain', 0, 1, N'F9C2F7F4-CF1A-41C0-B767-0D5217E8863F', CAST(N'2022-04-26T16:56:13.940' AS DateTime), NULL, NULL, NULL, NULL)
GO
INSERT [dbo].[MediaFiles] ([SeqNo], [ID], [ModuleName], [ModuleID], [Purpose], [FilePath], [OrgFileName], [OutputFileName], [MimeType], [RequireAuth], [IsEnable], [CreateUser], [CreateDate], [ModifyUser], [ModifyDate], [DeleteUser], [DeleteDate]) VALUES (3046, N'6481f419-d105-4055-baea-6a692adc7128', N'CLPart', N'd5ba426b-2748-4cec-81fb-dfe6846935d1', N'PESpec', N'/FileDownload/CLPart/20220427_101650_889476817.txt', N'EmptyTxt.txt', N'EmptyTxt.txt', N'text/plain', 0, 1, N'F9C2F7F4-CF1A-41C0-B767-0D5217E8863F', CAST(N'2022-04-27T10:19:58.137' AS DateTime), NULL, NULL, NULL, NULL)
GO
INSERT [dbo].[MediaFiles] ([SeqNo], [ID], [ModuleName], [ModuleID], [Purpose], [FilePath], [OrgFileName], [OutputFileName], [MimeType], [RequireAuth], [IsEnable], [CreateUser], [CreateDate], [ModifyUser], [ModifyDate], [DeleteUser], [DeleteDate]) VALUES (2060, N'2a15227c-6b49-4955-8455-6ae7e622b6ea', N'CLPart', N'f526c2a2-fd64-4258-8e55-1646ae9e6cb2', N'MCADDXF', N'/FileDownload/CLPart/20220426_095800_774765637.txt', N'EmptyTxt.txt', N'EmptyTxt.txt', N'text/plain', 0, 1, N'F9C2F7F4-CF1A-41C0-B767-0D5217E8863F', CAST(N'2022-04-26T11:31:17.483' AS DateTime), NULL, NULL, NULL, NULL)
GO
INSERT [dbo].[MediaFiles] ([SeqNo], [ID], [ModuleName], [ModuleID], [Purpose], [FilePath], [OrgFileName], [OutputFileName], [MimeType], [RequireAuth], [IsEnable], [CreateUser], [CreateDate], [ModifyUser], [ModifyDate], [DeleteUser], [DeleteDate]) VALUES (4030, N'3544a4d5-8815-4e43-beec-6b7e1c4fde42', N'ApplyNote', N'b82362d9-1924-4248-bf21-07e322f64eda', N'GeometrySpec', N'/FileDownload/ApplyNote/2205100001/100/20220510_141201_980225207.txt', N'EmptyTxt.txt', N'EmptyTxt.txt', N'text/plain', 0, 1, N'F9C2F7F4-CF1A-41C0-B767-0D5217E8863F', CAST(N'2022-05-10T14:12:01.840' AS DateTime), NULL, NULL, NULL, NULL)
GO
INSERT [dbo].[MediaFiles] ([SeqNo], [ID], [ModuleName], [ModuleID], [Purpose], [FilePath], [OrgFileName], [OutputFileName], [MimeType], [RequireAuth], [IsEnable], [CreateUser], [CreateDate], [ModifyUser], [ModifyDate], [DeleteUser], [DeleteDate]) VALUES (3035, N'b888706f-50f5-455f-8341-6bc89e27b36f', N'ApplyNote', N'5930257b-9a08-4847-803e-cacbe94cbc19', N'LayoutDXF', N'/FileDownload/ApplyNote/2204270001/100/20220427_101650_907404249.txt', N'EmptyTxt.txt', N'EmptyTxt.txt', N'text/plain', 0, 1, N'F9C2F7F4-CF1A-41C0-B767-0D5217E8863F', CAST(N'2022-04-27T10:16:50.740' AS DateTime), NULL, NULL, NULL, NULL)
GO
INSERT [dbo].[MediaFiles] ([SeqNo], [ID], [ModuleName], [ModuleID], [Purpose], [FilePath], [OrgFileName], [OutputFileName], [MimeType], [RequireAuth], [IsEnable], [CreateUser], [CreateDate], [ModifyUser], [ModifyDate], [DeleteUser], [DeleteDate]) VALUES (4033, N'734b31bd-9cc7-4e42-b0c2-71d4cc169d0a', N'ApplyNote', N'b82362d9-1924-4248-bf21-07e322f64eda', N'MCADDXF', N'/FileDownload/ApplyNote/2205100001/100/20220510_141201_957334460.txt', N'EmptyTxt.txt', N'EmptyTxt.txt', N'text/plain', 0, 1, N'F9C2F7F4-CF1A-41C0-B767-0D5217E8863F', CAST(N'2022-05-10T14:12:01.840' AS DateTime), NULL, NULL, NULL, NULL)
GO
INSERT [dbo].[MediaFiles] ([SeqNo], [ID], [ModuleName], [ModuleID], [Purpose], [FilePath], [OrgFileName], [OutputFileName], [MimeType], [RequireAuth], [IsEnable], [CreateUser], [CreateDate], [ModifyUser], [ModifyDate], [DeleteUser], [DeleteDate]) VALUES (2070, N'365805d2-f413-4473-9edc-7e320a84a827', N'ApplyNote', N'ed2c2d6b-dacd-484e-8fc0-b4d6bf414fcf', N'PESpec', N'/FileDownload/ApplyNote/2204260003/30/20220426_165625_29225673.txt', N'EmptyTxt.txt', N'EmptyTxt.txt', N'text/plain', 0, 1, N'F9C2F7F4-CF1A-41C0-B767-0D5217E8863F', CAST(N'2022-04-26T16:56:13.940' AS DateTime), NULL, NULL, NULL, NULL)
GO
INSERT [dbo].[MediaFiles] ([SeqNo], [ID], [ModuleName], [ModuleID], [Purpose], [FilePath], [OrgFileName], [OutputFileName], [MimeType], [RequireAuth], [IsEnable], [CreateUser], [CreateDate], [ModifyUser], [ModifyDate], [DeleteUser], [DeleteDate]) VALUES (2052, N'2c9294e7-34b3-42a9-b5c8-8f71f764f049', N'CLPart', N'5128ee0c-2e0c-43f9-83b8-720512ee94af', N'Vendor3D', N'CLPart/20220426_095800_756811591.txt', N'EmptyTxt.txt', N'EmptyTxt.txt', N'text/plain', 0, 1, N'F9C2F7F4-CF1A-41C0-B767-0D5217E8863F', CAST(N'2022-04-26T11:25:27.597' AS DateTime), NULL, NULL, NULL, NULL)
GO
INSERT [dbo].[MediaFiles] ([SeqNo], [ID], [ModuleName], [ModuleID], [Purpose], [FilePath], [OrgFileName], [OutputFileName], [MimeType], [RequireAuth], [IsEnable], [CreateUser], [CreateDate], [ModifyUser], [ModifyDate], [DeleteUser], [DeleteDate]) VALUES (3032, N'54abb9c1-dddd-48c8-b2d9-92fec7631c3f', N'ApplyNote', N'5930257b-9a08-4847-803e-cacbe94cbc19', N'PSGAllegroSymbolPDF', N'/FileDownload/ApplyNote/2204270001/28/20220427_101650_882463832.txt', N'EmptyTxt.txt', N'EmptyTxt.txt', N'text/plain', 0, 1, N'F9C2F7F4-CF1A-41C0-B767-0D5217E8863F', CAST(N'2022-04-27T10:16:50.740' AS DateTime), NULL, NULL, NULL, NULL)
GO
INSERT [dbo].[MediaFiles] ([SeqNo], [ID], [ModuleName], [ModuleID], [Purpose], [FilePath], [OrgFileName], [OutputFileName], [MimeType], [RequireAuth], [IsEnable], [CreateUser], [CreateDate], [ModifyUser], [ModifyDate], [DeleteUser], [DeleteDate]) VALUES (2046, N'a9f06f32-7198-4593-82cc-9341d18ac3d1', N'ApplyNote', N'9b420be0-799d-4aba-9a0b-9122972b7b35', N'PESpec', N'/FileDownload/ApplyNote/2204260002/30/20220426_095800_78673978.txt', N'EmptyTxt.txt', N'EmptyTxt.txt', N'text/plain', 0, 1, N'F9C2F7F4-CF1A-41C0-B767-0D5217E8863F', CAST(N'2022-04-26T09:58:00.623' AS DateTime), NULL, NULL, NULL, NULL)
GO
INSERT [dbo].[MediaFiles] ([SeqNo], [ID], [ModuleName], [ModuleID], [Purpose], [FilePath], [OrgFileName], [OutputFileName], [MimeType], [RequireAuth], [IsEnable], [CreateUser], [CreateDate], [ModifyUser], [ModifyDate], [DeleteUser], [DeleteDate]) VALUES (2066, N'79db1fb2-c10e-41cc-8059-94f42eb00f77', N'CLPart', N'f526c2a2-fd64-4258-8e55-1646ae9e6cb2', N'GeometryPDF', N'/FileDownload/CLPart/20220426_095800_791721951.txt', N'EmptyTxt.txt', N'EmptyTxt.txt', N'text/plain', 0, 1, N'F9C2F7F4-CF1A-41C0-B767-0D5217E8863F', CAST(N'2022-04-26T11:31:17.483' AS DateTime), NULL, NULL, NULL, NULL)
GO
INSERT [dbo].[MediaFiles] ([SeqNo], [ID], [ModuleName], [ModuleID], [Purpose], [FilePath], [OrgFileName], [OutputFileName], [MimeType], [RequireAuth], [IsEnable], [CreateUser], [CreateDate], [ModifyUser], [ModifyDate], [DeleteUser], [DeleteDate]) VALUES (3045, N'4821563b-bdbe-4470-bba2-98b7cc569cdb', N'CLPart', N'd5ba426b-2748-4cec-81fb-dfe6846935d1', N'MCADDXF', N'/FileDownload/CLPart/20220427_101650_876478026.txt', N'EmptyTxt.txt', N'EmptyTxt.txt', N'text/plain', 0, 1, N'F9C2F7F4-CF1A-41C0-B767-0D5217E8863F', CAST(N'2022-04-27T10:19:58.137' AS DateTime), NULL, NULL, NULL, NULL)
GO
INSERT [dbo].[MediaFiles] ([SeqNo], [ID], [ModuleName], [ModuleID], [Purpose], [FilePath], [OrgFileName], [OutputFileName], [MimeType], [RequireAuth], [IsEnable], [CreateUser], [CreateDate], [ModifyUser], [ModifyDate], [DeleteUser], [DeleteDate]) VALUES (3044, N'45eacfda-89b9-4f87-9b6e-9c6572121a55', N'CLPart', N'd5ba426b-2748-4cec-81fb-dfe6846935d1', N'SymbolFile', N'/FileDownload/CLPart/20220427_101650_871491183.txt', N'EmptyTxt.txt', N'EmptyTxt.txt', N'text/plain', 0, 1, N'F9C2F7F4-CF1A-41C0-B767-0D5217E8863F', CAST(N'2022-04-27T10:19:58.137' AS DateTime), NULL, NULL, NULL, NULL)
GO
INSERT [dbo].[MediaFiles] ([SeqNo], [ID], [ModuleName], [ModuleID], [Purpose], [FilePath], [OrgFileName], [OutputFileName], [MimeType], [RequireAuth], [IsEnable], [CreateUser], [CreateDate], [ModifyUser], [ModifyDate], [DeleteUser], [DeleteDate]) VALUES (2043, N'9600847c-cb5d-4fd7-8ca4-9f740ca5b315', N'ApplyNote', N'9b420be0-799d-4aba-9a0b-9122972b7b35', N'PSGAllegroSymbolPDF', N'/FileDownload/ApplyNote/2204260002/28/20220426_095800_781745725.txt', N'EmptyTxt.txt', N'EmptyTxt.txt', N'text/plain', 0, 1, N'F9C2F7F4-CF1A-41C0-B767-0D5217E8863F', CAST(N'2022-04-26T09:58:00.623' AS DateTime), NULL, NULL, NULL, NULL)
GO
INSERT [dbo].[MediaFiles] ([SeqNo], [ID], [ModuleName], [ModuleID], [Purpose], [FilePath], [OrgFileName], [OutputFileName], [MimeType], [RequireAuth], [IsEnable], [CreateUser], [CreateDate], [ModifyUser], [ModifyDate], [DeleteUser], [DeleteDate]) VALUES (2074, N'5957de76-06ac-4a8e-a865-a420264c81de', N'ApplyNote', N'ed2c2d6b-dacd-484e-8fc0-b4d6bf414fcf', N'MCADDXF', N'/FileDownload/ApplyNote/2204260003/100/20220426_165625_279282922.txt', N'EmptyTxt.txt', N'EmptyTxt.txt', N'text/plain', 0, 1, N'F9C2F7F4-CF1A-41C0-B767-0D5217E8863F', CAST(N'2022-04-26T16:56:13.940' AS DateTime), NULL, NULL, NULL, NULL)
GO
INSERT [dbo].[MediaFiles] ([SeqNo], [ID], [ModuleName], [ModuleID], [Purpose], [FilePath], [OrgFileName], [OutputFileName], [MimeType], [RequireAuth], [IsEnable], [CreateUser], [CreateDate], [ModifyUser], [ModifyDate], [DeleteUser], [DeleteDate]) VALUES (2042, N'83514d45-5705-4e4c-bba1-a44070ba0ab8', N'ApplyNote', N'9b420be0-799d-4aba-9a0b-9122972b7b35', N'MCADDXF', N'/FileDownload/ApplyNote/2204260002/100/20220426_095800_774765637.txt', N'EmptyTxt.txt', N'EmptyTxt.txt', N'text/plain', 0, 1, N'F9C2F7F4-CF1A-41C0-B767-0D5217E8863F', CAST(N'2022-04-26T09:58:00.623' AS DateTime), NULL, NULL, NULL, NULL)
GO
INSERT [dbo].[MediaFiles] ([SeqNo], [ID], [ModuleName], [ModuleID], [Purpose], [FilePath], [OrgFileName], [OutputFileName], [MimeType], [RequireAuth], [IsEnable], [CreateUser], [CreateDate], [ModifyUser], [ModifyDate], [DeleteUser], [DeleteDate]) VALUES (3038, N'fc9119e0-194f-4e35-9776-a68e9d321e87', N'ApplyNote', N'5930257b-9a08-4847-803e-cacbe94cbc19', N'VendorDXF', N'/FileDownload/ApplyNote/2204270001/82/20220427_101650_865512369.txt', N'EmptyTxt.txt', N'EmptyTxt.txt', N'text/plain', 0, 1, N'F9C2F7F4-CF1A-41C0-B767-0D5217E8863F', CAST(N'2022-04-27T10:16:50.740' AS DateTime), NULL, NULL, NULL, NULL)
GO
INSERT [dbo].[MediaFiles] ([SeqNo], [ID], [ModuleName], [ModuleID], [Purpose], [FilePath], [OrgFileName], [OutputFileName], [MimeType], [RequireAuth], [IsEnable], [CreateUser], [CreateDate], [ModifyUser], [ModifyDate], [DeleteUser], [DeleteDate]) VALUES (4041, N'4b7c5074-4178-43c8-9c8b-adffc124908c', N'CLPart', N'3fd5b4bf-12e3-4fff-a61e-7dc3f91afbde', N'PSGAllegroSymbolPDF', N'/FileDownload/CLPart/20220510_141201_963273069.txt', N'EmptyTxt.txt', N'EmptyTxt.txt', N'text/plain', 0, 1, N'F9C2F7F4-CF1A-41C0-B767-0D5217E8863F', CAST(N'2022-05-10T14:28:46.660' AS DateTime), NULL, NULL, NULL, NULL)
GO
INSERT [dbo].[MediaFiles] ([SeqNo], [ID], [ModuleName], [ModuleID], [Purpose], [FilePath], [OrgFileName], [OutputFileName], [MimeType], [RequireAuth], [IsEnable], [CreateUser], [CreateDate], [ModifyUser], [ModifyDate], [DeleteUser], [DeleteDate]) VALUES (4031, N'48400d40-2dae-4783-9d9c-aed6879a3182', N'ApplyNote', N'b82362d9-1924-4248-bf21-07e322f64eda', N'VendorDXF', N'/FileDownload/ApplyNote/2205100001/82/20220510_141201_945714681.txt', N'EmptyTxt.txt', N'EmptyTxt.txt', N'text/plain', 0, 1, N'F9C2F7F4-CF1A-41C0-B767-0D5217E8863F', CAST(N'2022-05-10T14:12:01.840' AS DateTime), NULL, NULL, NULL, NULL)
GO
INSERT [dbo].[MediaFiles] ([SeqNo], [ID], [ModuleName], [ModuleID], [Purpose], [FilePath], [OrgFileName], [OutputFileName], [MimeType], [RequireAuth], [IsEnable], [CreateUser], [CreateDate], [ModifyUser], [ModifyDate], [DeleteUser], [DeleteDate]) VALUES (4042, N'4bda2033-aa34-486f-b8e6-b086305caca6', N'CLPart', N'3fd5b4bf-12e3-4fff-a61e-7dc3f91afbde', N'PESpec', N'/FileDownload/CLPart/20220510_141201_971252803.txt', N'EmptyTxt.txt', N'EmptyTxt.txt', N'text/plain', 0, 1, N'F9C2F7F4-CF1A-41C0-B767-0D5217E8863F', CAST(N'2022-05-10T14:28:46.660' AS DateTime), NULL, NULL, NULL, NULL)
GO
INSERT [dbo].[MediaFiles] ([SeqNo], [ID], [ModuleName], [ModuleID], [Purpose], [FilePath], [OrgFileName], [OutputFileName], [MimeType], [RequireAuth], [IsEnable], [CreateUser], [CreateDate], [ModifyUser], [ModifyDate], [DeleteUser], [DeleteDate]) VALUES (4036, N'b8dd7556-445a-4d19-b14a-b22c837a1a8c', N'ApplyNote', N'b82362d9-1924-4248-bf21-07e322f64eda', N'GeometryPDF', N'/FileDownload/ApplyNote/2205100001/29/20220510_141201_976221701.txt', N'EmptyTxt.txt', N'EmptyTxt.txt', N'text/plain', 0, 1, N'F9C2F7F4-CF1A-41C0-B767-0D5217E8863F', CAST(N'2022-05-10T14:12:01.840' AS DateTime), NULL, NULL, NULL, NULL)
GO
INSERT [dbo].[MediaFiles] ([SeqNo], [ID], [ModuleName], [ModuleID], [Purpose], [FilePath], [OrgFileName], [OutputFileName], [MimeType], [RequireAuth], [IsEnable], [CreateUser], [CreateDate], [ModifyUser], [ModifyDate], [DeleteUser], [DeleteDate]) VALUES (3030, N'30b61ca3-4049-4a24-b6c2-b32cfa0d8b3e', N'ApplyNote', N'5930257b-9a08-4847-803e-cacbe94cbc19', N'SymbolFile', N'/FileDownload/ApplyNote/2204270001/27/20220427_101650_871491183.txt', N'EmptyTxt.txt', N'EmptyTxt.txt', N'text/plain', 0, 1, N'F9C2F7F4-CF1A-41C0-B767-0D5217E8863F', CAST(N'2022-04-27T10:16:50.740' AS DateTime), NULL, NULL, NULL, NULL)
GO
INSERT [dbo].[MediaFiles] ([SeqNo], [ID], [ModuleName], [ModuleID], [Purpose], [FilePath], [OrgFileName], [OutputFileName], [MimeType], [RequireAuth], [IsEnable], [CreateUser], [CreateDate], [ModifyUser], [ModifyDate], [DeleteUser], [DeleteDate]) VALUES (4040, N'08d51df7-dca9-41a7-8c50-b491680e62d7', N'CLPart', N'3fd5b4bf-12e3-4fff-a61e-7dc3f91afbde', N'VendorSpec', N'/FileDownload/CLPart/20220510_141201_926617297.txt', N'EmptyTxt.txt', N'EmptyTxt.txt', N'text/plain', 0, 1, N'F9C2F7F4-CF1A-41C0-B767-0D5217E8863F', CAST(N'2022-05-10T14:28:46.660' AS DateTime), NULL, NULL, NULL, NULL)
GO
INSERT [dbo].[MediaFiles] ([SeqNo], [ID], [ModuleName], [ModuleID], [Purpose], [FilePath], [OrgFileName], [OutputFileName], [MimeType], [RequireAuth], [IsEnable], [CreateUser], [CreateDate], [ModifyUser], [ModifyDate], [DeleteUser], [DeleteDate]) VALUES (3031, N'5328a4a9-3d35-4f70-98ed-ba27056c77c9', N'ApplyNote', N'5930257b-9a08-4847-803e-cacbe94cbc19', N'Vendor3D', N'/FileDownload/ApplyNote/2204270001/25/20220427_101650_858162272.txt', N'EmptyTxt.txt', N'EmptyTxt.txt', N'text/plain', 0, 1, N'F9C2F7F4-CF1A-41C0-B767-0D5217E8863F', CAST(N'2022-04-27T10:16:50.740' AS DateTime), NULL, NULL, NULL, NULL)
GO
INSERT [dbo].[MediaFiles] ([SeqNo], [ID], [ModuleName], [ModuleID], [Purpose], [FilePath], [OrgFileName], [OutputFileName], [MimeType], [RequireAuth], [IsEnable], [CreateUser], [CreateDate], [ModifyUser], [ModifyDate], [DeleteUser], [DeleteDate]) VALUES (2054, N'521ab9a7-8841-4243-aa24-baf9bccda5f7', N'CLPart', N'5128ee0c-2e0c-43f9-83b8-720512ee94af', N'GeometrySpec', N'CLPart/20220426_095800_798702204.txt', N'EmptyTxt.txt', N'EmptyTxt.txt', N'text/plain', 0, 1, N'F9C2F7F4-CF1A-41C0-B767-0D5217E8863F', CAST(N'2022-04-26T11:25:27.597' AS DateTime), NULL, NULL, NULL, NULL)
GO
INSERT [dbo].[MediaFiles] ([SeqNo], [ID], [ModuleName], [ModuleID], [Purpose], [FilePath], [OrgFileName], [OutputFileName], [MimeType], [RequireAuth], [IsEnable], [CreateUser], [CreateDate], [ModifyUser], [ModifyDate], [DeleteUser], [DeleteDate]) VALUES (2076, N'920ef657-2dfc-4d3a-b073-bc828f4f37f7', N'ApplyNote', N'ed2c2d6b-dacd-484e-8fc0-b4d6bf414fcf', N'GeometryPDF', N'/FileDownload/ApplyNote/2204260003/29/20220426_165625_297232738.txt', N'EmptyTxt.txt', N'EmptyTxt.txt', N'text/plain', 0, 1, N'F9C2F7F4-CF1A-41C0-B767-0D5217E8863F', CAST(N'2022-04-26T16:56:13.940' AS DateTime), NULL, NULL, NULL, NULL)
GO
INSERT [dbo].[MediaFiles] ([SeqNo], [ID], [ModuleName], [ModuleID], [Purpose], [FilePath], [OrgFileName], [OutputFileName], [MimeType], [RequireAuth], [IsEnable], [CreateUser], [CreateDate], [ModifyUser], [ModifyDate], [DeleteUser], [DeleteDate]) VALUES (2045, N'9a47bd58-88ae-499d-ab0f-bd6e895f3f55', N'ApplyNote', N'9b420be0-799d-4aba-9a0b-9122972b7b35', N'VendorDXF', N'/FileDownload/ApplyNote/2204260002/82/20220426_095800_7608842.txt', N'EmptyTxt.txt', N'EmptyTxt.txt', N'text/plain', 0, 1, N'F9C2F7F4-CF1A-41C0-B767-0D5217E8863F', CAST(N'2022-04-26T09:58:00.623' AS DateTime), NULL, NULL, NULL, NULL)
GO
INSERT [dbo].[MediaFiles] ([SeqNo], [ID], [ModuleName], [ModuleID], [Purpose], [FilePath], [OrgFileName], [OutputFileName], [MimeType], [RequireAuth], [IsEnable], [CreateUser], [CreateDate], [ModifyUser], [ModifyDate], [DeleteUser], [DeleteDate]) VALUES (4038, N'fe83a944-2623-4d94-8241-bd963a95e5fe', N'ApplyNote', N'b82362d9-1924-4248-bf21-07e322f64eda', N'PESpec', N'/FileDownload/ApplyNote/2205100001/30/20220510_141201_971252803.txt', N'EmptyTxt.txt', N'EmptyTxt.txt', N'text/plain', 0, 1, N'F9C2F7F4-CF1A-41C0-B767-0D5217E8863F', CAST(N'2022-05-10T14:12:01.840' AS DateTime), NULL, NULL, NULL, NULL)
GO
INSERT [dbo].[MediaFiles] ([SeqNo], [ID], [ModuleName], [ModuleID], [Purpose], [FilePath], [OrgFileName], [OutputFileName], [MimeType], [RequireAuth], [IsEnable], [CreateUser], [CreateDate], [ModifyUser], [ModifyDate], [DeleteUser], [DeleteDate]) VALUES (3040, N'052e7cfc-0e84-424b-8098-be734d8f1559', N'CLPart', N'd5ba426b-2748-4cec-81fb-dfe6846935d1', N'VendorSpec', N'/FileDownload/CLPart/20220427_101650_838037616.txt', N'EmptyTxt.txt', N'EmptyTxt.txt', N'text/plain', 0, 1, N'F9C2F7F4-CF1A-41C0-B767-0D5217E8863F', CAST(N'2022-04-27T10:19:58.137' AS DateTime), NULL, NULL, NULL, NULL)
GO
INSERT [dbo].[MediaFiles] ([SeqNo], [ID], [ModuleName], [ModuleID], [Purpose], [FilePath], [OrgFileName], [OutputFileName], [MimeType], [RequireAuth], [IsEnable], [CreateUser], [CreateDate], [ModifyUser], [ModifyDate], [DeleteUser], [DeleteDate]) VALUES (4044, N'b776a526-381e-46f2-8f44-c0614c99f10f', N'CLPart', N'3fd5b4bf-12e3-4fff-a61e-7dc3f91afbde', N'MCADDXF', N'/FileDownload/CLPart/20220510_141201_957334460.txt', N'EmptyTxt.txt', N'EmptyTxt.txt', N'text/plain', 0, 1, N'F9C2F7F4-CF1A-41C0-B767-0D5217E8863F', CAST(N'2022-05-10T14:28:46.660' AS DateTime), NULL, NULL, NULL, NULL)
GO
INSERT [dbo].[MediaFiles] ([SeqNo], [ID], [ModuleName], [ModuleID], [Purpose], [FilePath], [OrgFileName], [OutputFileName], [MimeType], [RequireAuth], [IsEnable], [CreateUser], [CreateDate], [ModifyUser], [ModifyDate], [DeleteUser], [DeleteDate]) VALUES (3033, N'6feaaf31-3648-49d3-8164-c0d2dfcdcc1a', N'ApplyNote', N'5930257b-9a08-4847-803e-cacbe94cbc19', N'GeometrySpec', N'/FileDownload/ApplyNote/2204270001/100/20220427_101650_902417655.txt', N'EmptyTxt.txt', N'EmptyTxt.txt', N'text/plain', 0, 1, N'F9C2F7F4-CF1A-41C0-B767-0D5217E8863F', CAST(N'2022-04-27T10:16:50.740' AS DateTime), NULL, NULL, NULL, NULL)
GO
INSERT [dbo].[MediaFiles] ([SeqNo], [ID], [ModuleName], [ModuleID], [Purpose], [FilePath], [OrgFileName], [OutputFileName], [MimeType], [RequireAuth], [IsEnable], [CreateUser], [CreateDate], [ModifyUser], [ModifyDate], [DeleteUser], [DeleteDate]) VALUES (2041, N'3bb1f826-f5ca-4f82-8db9-c181eb26eb22', N'ApplyNote', N'9b420be0-799d-4aba-9a0b-9122972b7b35', N'LayoutDXF', N'/FileDownload/ApplyNote/2204260002/100/20220426_095800_802691281.txt', N'EmptyTxt.txt', N'EmptyTxt.txt', N'text/plain', 0, 1, N'F9C2F7F4-CF1A-41C0-B767-0D5217E8863F', CAST(N'2022-04-26T09:58:00.623' AS DateTime), NULL, NULL, NULL, NULL)
GO
INSERT [dbo].[MediaFiles] ([SeqNo], [ID], [ModuleName], [ModuleID], [Purpose], [FilePath], [OrgFileName], [OutputFileName], [MimeType], [RequireAuth], [IsEnable], [CreateUser], [CreateDate], [ModifyUser], [ModifyDate], [DeleteUser], [DeleteDate]) VALUES (2051, N'2b4f79d2-efa0-4e89-9ed8-c6232f393ec5', N'CLPart', N'5128ee0c-2e0c-43f9-83b8-720512ee94af', N'LayoutDXF', N'CLPart/20220426_095800_802691281.txt', N'EmptyTxt.txt', N'EmptyTxt.txt', N'text/plain', 0, 1, N'F9C2F7F4-CF1A-41C0-B767-0D5217E8863F', CAST(N'2022-04-26T11:25:27.597' AS DateTime), NULL, NULL, NULL, NULL)
GO
INSERT [dbo].[MediaFiles] ([SeqNo], [ID], [ModuleName], [ModuleID], [Purpose], [FilePath], [OrgFileName], [OutputFileName], [MimeType], [RequireAuth], [IsEnable], [CreateUser], [CreateDate], [ModifyUser], [ModifyDate], [DeleteUser], [DeleteDate]) VALUES (2048, N'db58436b-720c-4c43-b40b-cbddbd08b092', N'ApplyNote', N'9b420be0-799d-4aba-9a0b-9122972b7b35', N'VendorSpec', N'/FileDownload/ApplyNote/2204260002/24/20220426_095800_746839199.txt', N'EmptyTxt.txt', N'EmptyTxt.txt', N'text/plain', 0, 1, N'F9C2F7F4-CF1A-41C0-B767-0D5217E8863F', CAST(N'2022-04-26T09:58:00.623' AS DateTime), NULL, NULL, NULL, NULL)
GO
INSERT [dbo].[MediaFiles] ([SeqNo], [ID], [ModuleName], [ModuleID], [Purpose], [FilePath], [OrgFileName], [OutputFileName], [MimeType], [RequireAuth], [IsEnable], [CreateUser], [CreateDate], [ModifyUser], [ModifyDate], [DeleteUser], [DeleteDate]) VALUES (2061, N'2f1732af-fa11-4f5a-aeff-cc2c8b2f6114', N'CLPart', N'f526c2a2-fd64-4258-8e55-1646ae9e6cb2', N'PESpec', N'/FileDownload/CLPart/20220426_095800_78673978.txt', N'EmptyTxt.txt', N'EmptyTxt.txt', N'text/plain', 0, 1, N'F9C2F7F4-CF1A-41C0-B767-0D5217E8863F', CAST(N'2022-04-26T11:31:17.483' AS DateTime), NULL, NULL, NULL, NULL)
GO
INSERT [dbo].[MediaFiles] ([SeqNo], [ID], [ModuleName], [ModuleID], [Purpose], [FilePath], [OrgFileName], [OutputFileName], [MimeType], [RequireAuth], [IsEnable], [CreateUser], [CreateDate], [ModifyUser], [ModifyDate], [DeleteUser], [DeleteDate]) VALUES (2044, N'99fe2b34-c5e6-4c5f-b060-d2503a185aff', N'ApplyNote', N'9b420be0-799d-4aba-9a0b-9122972b7b35', N'GeometryPDF', N'/FileDownload/ApplyNote/2204260002/29/20220426_095800_791721951.txt', N'EmptyTxt.txt', N'EmptyTxt.txt', N'text/plain', 0, 1, N'F9C2F7F4-CF1A-41C0-B767-0D5217E8863F', CAST(N'2022-04-26T09:58:00.623' AS DateTime), NULL, NULL, NULL, NULL)
GO
INSERT [dbo].[MediaFiles] ([SeqNo], [ID], [ModuleName], [ModuleID], [Purpose], [FilePath], [OrgFileName], [OutputFileName], [MimeType], [RequireAuth], [IsEnable], [CreateUser], [CreateDate], [ModifyUser], [ModifyDate], [DeleteUser], [DeleteDate]) VALUES (4045, N'cb6d5f77-82b9-41f1-9e1b-d53059cacd35', N'CLPart', N'3fd5b4bf-12e3-4fff-a61e-7dc3f91afbde', N'GeometrySpec', N'/FileDownload/CLPart/20220510_141201_980225207.txt', N'EmptyTxt.txt', N'EmptyTxt.txt', N'text/plain', 0, 1, N'F9C2F7F4-CF1A-41C0-B767-0D5217E8863F', CAST(N'2022-05-10T14:28:46.660' AS DateTime), NULL, NULL, NULL, NULL)
GO
INSERT [dbo].[MediaFiles] ([SeqNo], [ID], [ModuleName], [ModuleID], [Purpose], [FilePath], [OrgFileName], [OutputFileName], [MimeType], [RequireAuth], [IsEnable], [CreateUser], [CreateDate], [ModifyUser], [ModifyDate], [DeleteUser], [DeleteDate]) VALUES (9, N'6e108404-5137-4d93-bb26-daaa01cfb69e', N'CLCategoryAttribute', N'00000000-0000-0000-0000-000000000000', N'', N'/FileDownload/CLCategoryAttribute/20220420_092518_873183129.png', N'測試上傳.png', N'測試上傳.png', N'image/png', 0, 1, N'F9C2F7F4-CF1A-41C0-B767-0D5217E8863F', CAST(N'2022-04-20T09:25:18.820' AS DateTime), NULL, NULL, NULL, NULL)
GO
INSERT [dbo].[MediaFiles] ([SeqNo], [ID], [ModuleName], [ModuleID], [Purpose], [FilePath], [OrgFileName], [OutputFileName], [MimeType], [RequireAuth], [IsEnable], [CreateUser], [CreateDate], [ModifyUser], [ModifyDate], [DeleteUser], [DeleteDate]) VALUES (3041, N'18b99edc-17d7-4820-ac0c-e95648c1aab9', N'CLPart', N'd5ba426b-2748-4cec-81fb-dfe6846935d1', N'GeometryPDF', N'/FileDownload/CLPart/20220427_101650_898425489.txt', N'EmptyTxt.txt', N'EmptyTxt.txt', N'text/plain', 0, 1, N'F9C2F7F4-CF1A-41C0-B767-0D5217E8863F', CAST(N'2022-04-27T10:19:58.137' AS DateTime), NULL, NULL, NULL, NULL)
GO
INSERT [dbo].[MediaFiles] ([SeqNo], [ID], [ModuleName], [ModuleID], [Purpose], [FilePath], [OrgFileName], [OutputFileName], [MimeType], [RequireAuth], [IsEnable], [CreateUser], [CreateDate], [ModifyUser], [ModifyDate], [DeleteUser], [DeleteDate]) VALUES (2071, N'382e23df-5ac7-4daf-9e5b-ebbb1d2594eb', N'ApplyNote', N'ed2c2d6b-dacd-484e-8fc0-b4d6bf414fcf', N'SymbolFile', N'/FileDownload/ApplyNote/2204260003/27/20220426_165625_274294414.txt', N'EmptyTxt.txt', N'EmptyTxt.txt', N'text/plain', 0, 1, N'F9C2F7F4-CF1A-41C0-B767-0D5217E8863F', CAST(N'2022-04-26T16:56:13.940' AS DateTime), NULL, NULL, NULL, NULL)
GO
INSERT [dbo].[MediaFiles] ([SeqNo], [ID], [ModuleName], [ModuleID], [Purpose], [FilePath], [OrgFileName], [OutputFileName], [MimeType], [RequireAuth], [IsEnable], [CreateUser], [CreateDate], [ModifyUser], [ModifyDate], [DeleteUser], [DeleteDate]) VALUES (4047, N'e22444e1-4482-452e-a597-ed14e7a37a30', N'CLPart', N'3fd5b4bf-12e3-4fff-a61e-7dc3f91afbde', N'GeometryPDF', N'/FileDownload/CLPart/20220510_141201_976221701.txt', N'EmptyTxt.txt', N'EmptyTxt.txt', N'text/plain', 0, 1, N'F9C2F7F4-CF1A-41C0-B767-0D5217E8863F', CAST(N'2022-05-10T14:28:46.660' AS DateTime), NULL, NULL, NULL, NULL)
GO
INSERT [dbo].[MediaFiles] ([SeqNo], [ID], [ModuleName], [ModuleID], [Purpose], [FilePath], [OrgFileName], [OutputFileName], [MimeType], [RequireAuth], [IsEnable], [CreateUser], [CreateDate], [ModifyUser], [ModifyDate], [DeleteUser], [DeleteDate]) VALUES (3036, N'c405f959-7cdd-49a5-b97f-eeb698d7413b', N'ApplyNote', N'5930257b-9a08-4847-803e-cacbe94cbc19', N'MCADDXF', N'/FileDownload/ApplyNote/2204270001/100/20220427_101650_876478026.txt', N'EmptyTxt.txt', N'EmptyTxt.txt', N'text/plain', 0, 1, N'F9C2F7F4-CF1A-41C0-B767-0D5217E8863F', CAST(N'2022-04-27T10:16:50.740' AS DateTime), NULL, NULL, NULL, NULL)
GO
INSERT [dbo].[MediaFiles] ([SeqNo], [ID], [ModuleName], [ModuleID], [Purpose], [FilePath], [OrgFileName], [OutputFileName], [MimeType], [RequireAuth], [IsEnable], [CreateUser], [CreateDate], [ModifyUser], [ModifyDate], [DeleteUser], [DeleteDate]) VALUES (7, N'9fe32329-5da8-4f18-9821-f662a2f997dc', N'Auth', N'f9c2f7f4-cf1a-41c0-b767-0d5217e8863f', N'', N'/FileDownload/UserProfile/20211207_102320_777981984.png', N'測試上傳.png', N'測試上傳.png', N'image/png', 0, 1, N'F9C2F7F4-CF1A-41C0-B767-0D5217E8863F', CAST(N'2021-12-07T10:23:20.760' AS DateTime), NULL, NULL, NULL, NULL)
GO
INSERT [dbo].[MediaFiles] ([SeqNo], [ID], [ModuleName], [ModuleID], [Purpose], [FilePath], [OrgFileName], [OutputFileName], [MimeType], [RequireAuth], [IsEnable], [CreateUser], [CreateDate], [ModifyUser], [ModifyDate], [DeleteUser], [DeleteDate]) VALUES (3048, N'c0a5e013-6239-407d-8bd8-f73f47631336', N'CLPart', N'd5ba426b-2748-4cec-81fb-dfe6846935d1', N'Vendor3D', N'/FileDownload/CLPart/20220427_101650_858162272.txt', N'EmptyTxt.txt', N'EmptyTxt.txt', N'text/plain', 0, 1, N'F9C2F7F4-CF1A-41C0-B767-0D5217E8863F', CAST(N'2022-04-27T10:19:58.137' AS DateTime), NULL, NULL, NULL, NULL)
GO
INSERT [dbo].[MediaFiles] ([SeqNo], [ID], [ModuleName], [ModuleID], [Purpose], [FilePath], [OrgFileName], [OutputFileName], [MimeType], [RequireAuth], [IsEnable], [CreateUser], [CreateDate], [ModifyUser], [ModifyDate], [DeleteUser], [DeleteDate]) VALUES (2065, N'788bf781-7e92-4c61-84a8-f8ebade82b4d', N'CLPart', N'f526c2a2-fd64-4258-8e55-1646ae9e6cb2', N'GeometrySpec', N'/FileDownload/CLPart/20220426_095800_798702204.txt', N'EmptyTxt.txt', N'EmptyTxt.txt', N'text/plain', 0, 1, N'F9C2F7F4-CF1A-41C0-B767-0D5217E8863F', CAST(N'2022-04-26T11:31:17.483' AS DateTime), NULL, NULL, NULL, NULL)
GO
INSERT [dbo].[MediaFiles] ([SeqNo], [ID], [ModuleName], [ModuleID], [Purpose], [FilePath], [OrgFileName], [OutputFileName], [MimeType], [RequireAuth], [IsEnable], [CreateUser], [CreateDate], [ModifyUser], [ModifyDate], [DeleteUser], [DeleteDate]) VALUES (2072, N'3c5ccc42-84be-45b0-bac8-fc9233d6faa6', N'ApplyNote', N'ed2c2d6b-dacd-484e-8fc0-b4d6bf414fcf', N'GeometrySpec', N'/FileDownload/ApplyNote/2204260003/100/20220426_165625_307207563.txt', N'EmptyTxt.txt', N'EmptyTxt.txt', N'text/plain', 0, 1, N'F9C2F7F4-CF1A-41C0-B767-0D5217E8863F', CAST(N'2022-04-26T16:56:13.940' AS DateTime), NULL, NULL, NULL, NULL)
GO
INSERT [dbo].[MediaFiles] ([SeqNo], [ID], [ModuleName], [ModuleID], [Purpose], [FilePath], [OrgFileName], [OutputFileName], [MimeType], [RequireAuth], [IsEnable], [CreateUser], [CreateDate], [ModifyUser], [ModifyDate], [DeleteUser], [DeleteDate]) VALUES (2064, N'6d69a577-deee-4fad-ba82-fe3bccfc58f3', N'CLPart', N'f526c2a2-fd64-4258-8e55-1646ae9e6cb2', N'Vendor3D', N'/FileDownload/CLPart/20220426_095800_756811591.txt', N'EmptyTxt.txt', N'EmptyTxt.txt', N'text/plain', 0, 1, N'F9C2F7F4-CF1A-41C0-B767-0D5217E8863F', CAST(N'2022-04-26T11:31:17.483' AS DateTime), NULL, NULL, NULL, NULL)
GO
INSERT [dbo].[MediaFiles] ([SeqNo], [ID], [ModuleName], [ModuleID], [Purpose], [FilePath], [OrgFileName], [OutputFileName], [MimeType], [RequireAuth], [IsEnable], [CreateUser], [CreateDate], [ModifyUser], [ModifyDate], [DeleteUser], [DeleteDate]) VALUES (2053, N'4b403139-665e-471a-8f5d-ff257fc31e6a', N'CLPart', N'5128ee0c-2e0c-43f9-83b8-720512ee94af', N'VendorSpec', N'CLPart/20220426_095800_746839199.txt', N'EmptyTxt.txt', N'EmptyTxt.txt', N'text/plain', 0, 1, N'F9C2F7F4-CF1A-41C0-B767-0D5217E8863F', CAST(N'2022-04-26T11:25:27.597' AS DateTime), NULL, NULL, NULL, NULL)
GO
SET IDENTITY_INSERT [dbo].[MediaFiles] OFF
GO
INSERT [dbo].[Modules] ([ID], [Name], [Controller], [Action], [AdminController], [AdminAction], [CreateUser], [CreateDate], [ModifyUser], [ModifyDate], [DeleteUser], [DeleteDate]) VALUES (N'3228be98-f7dc-450b-b7a2-0ed8b45f9ea1', N'選單管理', N'PageManagement', N'Index', NULL, NULL, N'Admin', CAST(N'2023-10-01T00:00:00.000' AS DateTime), NULL, NULL, NULL, NULL)
GO
INSERT [dbo].[Modules] ([ID], [Name], [Controller], [Action], [AdminController], [AdminAction], [CreateUser], [CreateDate], [ModifyUser], [ModifyDate], [DeleteUser], [DeleteDate]) VALUES (N'81bb133f-318c-49ed-bcd6-3628240a4d7b', N'使用者管理', N'UserManager', N'Index', NULL, NULL, N'Admin', CAST(N'2023-10-01T00:00:00.000' AS DateTime), NULL, NULL, NULL, NULL)
GO
INSERT [dbo].[Modules] ([ID], [Name], [Controller], [Action], [AdminController], [AdminAction], [CreateUser], [CreateDate], [ModifyUser], [ModifyDate], [DeleteUser], [DeleteDate]) VALUES (N'7d6c4746-3ad5-4675-b941-4334c871125d', N'待審清單', N'SupplierApproval', N'Index', NULL, NULL, N'Admin', CAST(N'2024-01-10T12:55:39.437' AS DateTime), NULL, NULL, NULL, NULL)
GO
INSERT [dbo].[Modules] ([ID], [Name], [Controller], [Action], [AdminController], [AdminAction], [CreateUser], [CreateDate], [ModifyUser], [ModifyDate], [DeleteUser], [DeleteDate]) VALUES (N'08f65476-4bd1-4b3e-af44-4e60fbe2282f', N'SPA資料維護', N'SPA', N'Index', NULL, NULL, N'Admin', CAST(N'2024-01-03T00:00:00.000' AS DateTime), NULL, NULL, NULL, NULL)
GO
INSERT [dbo].[Modules] ([ID], [Name], [Controller], [Action], [AdminController], [AdminAction], [CreateUser], [CreateDate], [ModifyUser], [ModifyDate], [DeleteUser], [DeleteDate]) VALUES (N'0e1286d9-c8e7-44d1-8484-5696f293c6cf', N'站台管理', N'Site', N'Index', NULL, NULL, N'Admin', CAST(N'2023-10-01T00:00:00.000' AS DateTime), NULL, NULL, NULL, NULL)
GO
INSERT [dbo].[Modules] ([ID], [Name], [Controller], [Action], [AdminController], [AdminAction], [CreateUser], [CreateDate], [ModifyUser], [ModifyDate], [DeleteUser], [DeleteDate]) VALUES (N'6fa280d3-e6d6-4439-bce8-63335041259b', N'供應商重要資訊改版申請', N'SupplierRevision', N'Index', NULL, NULL, N'Admin', CAST(N'2023-10-01T00:00:00.000' AS DateTime), NULL, NULL, NULL, NULL)
GO
INSERT [dbo].[Modules] ([ID], [Name], [Controller], [Action], [AdminController], [AdminAction], [CreateUser], [CreateDate], [ModifyUser], [ModifyDate], [DeleteUser], [DeleteDate]) VALUES (N'a8400b9a-0396-4a83-87ce-726ab5364e6f', N'測試模組', N'Try', N'Index', NULL, NULL, N'Admin', CAST(N'2023-10-01T00:00:00.000' AS DateTime), NULL, NULL, NULL, NULL)
GO
INSERT [dbo].[Modules] ([ID], [Name], [Controller], [Action], [AdminController], [AdminAction], [CreateUser], [CreateDate], [ModifyUser], [ModifyDate], [DeleteUser], [DeleteDate]) VALUES (N'bc7fddad-220b-43c7-b80d-74528a0d086d', N'帳號角色管理', N'UserRoleManagement', N'Index', NULL, NULL, N'Admin', CAST(N'2023-10-01T00:00:00.000' AS DateTime), NULL, NULL, NULL, NULL)
GO
INSERT [dbo].[Modules] ([ID], [Name], [Controller], [Action], [AdminController], [AdminAction], [CreateUser], [CreateDate], [ModifyUser], [ModifyDate], [DeleteUser], [DeleteDate]) VALUES (N'e5bea3c8-6294-4f9d-9e10-74f436a1a28e', N'SPA查詢(多個評鑑期別)', N'SPA', N'MultiQuery', NULL, NULL, N'Admin', CAST(N'2024-01-03T00:00:00.000' AS DateTime), N'Admin', CAST(N'2024-01-03T00:00:00.000' AS DateTime), NULL, NULL)
GO
INSERT [dbo].[Modules] ([ID], [Name], [Controller], [Action], [AdminController], [AdminAction], [CreateUser], [CreateDate], [ModifyUser], [ModifyDate], [DeleteUser], [DeleteDate]) VALUES (N'21c3b503-2a9e-44e0-910e-77bef89fb71a', N'SPA查詢(單一評鑑期別)', N'SPA', N'SingleQuery', NULL, NULL, N'Admin', CAST(N'2024-01-03T00:00:00.000' AS DateTime), N'Admin', CAST(N'2024-01-03T00:00:00.000' AS DateTime), NULL, NULL)
GO
INSERT [dbo].[Modules] ([ID], [Name], [Controller], [Action], [AdminController], [AdminAction], [CreateUser], [CreateDate], [ModifyUser], [ModifyDate], [DeleteUser], [DeleteDate]) VALUES (N'bb5bd534-13a6-45ba-a324-8cc020c5f0e2', N'範例 AJAX 模組', N'SampleDataAjax', N'Index', NULL, NULL, N'Admin', CAST(N'2023-10-01T00:00:00.000' AS DateTime), NULL, NULL, NULL, NULL)
GO
INSERT [dbo].[Modules] ([ID], [Name], [Controller], [Action], [AdminController], [AdminAction], [CreateUser], [CreateDate], [ModifyUser], [ModifyDate], [DeleteUser], [DeleteDate]) VALUES (N'004037a6-2729-41dd-b0bf-98d3fc0655f7', N'供應商', N'Supplier', N'Index', NULL, NULL, N'Admin', CAST(N'2024-01-03T03:32:58.323' AS DateTime), NULL, NULL, NULL, NULL)
GO
INSERT [dbo].[Modules] ([ID], [Name], [Controller], [Action], [AdminController], [AdminAction], [CreateUser], [CreateDate], [ModifyUser], [ModifyDate], [DeleteUser], [DeleteDate]) VALUES (N'd025d8b1-200c-4ffd-b7b5-a1b43be61d7f', N'角色管理', N'RoleManagement', N'Index', NULL, NULL, N'Admin', CAST(N'2023-10-01T00:00:00.000' AS DateTime), NULL, NULL, NULL, NULL)
GO
INSERT [dbo].[Modules] ([ID], [Name], [Controller], [Action], [AdminController], [AdminAction], [CreateUser], [CreateDate], [ModifyUser], [ModifyDate], [DeleteUser], [DeleteDate]) VALUES (N'5c2774d6-390e-4c10-bbd7-c3276335c49c', N'範例模組', N'SampleData', N'Index', NULL, NULL, N'Admin', CAST(N'2023-10-01T00:00:00.000' AS DateTime), NULL, NULL, NULL, NULL)
GO
INSERT [dbo].[Modules] ([ID], [Name], [Controller], [Action], [AdminController], [AdminAction], [CreateUser], [CreateDate], [ModifyUser], [ModifyDate], [DeleteUser], [DeleteDate]) VALUES (N'25f8d373-0534-4231-8098-c49e1d616194', N'選單角色管理', N'PageRoleManagement', N'Index', NULL, NULL, N'Admin', CAST(N'2023-10-01T00:00:00.000' AS DateTime), NULL, NULL, NULL, NULL)
GO
INSERT [dbo].[Modules] ([ID], [Name], [Controller], [Action], [AdminController], [AdminAction], [CreateUser], [CreateDate], [ModifyUser], [ModifyDate], [DeleteUser], [DeleteDate]) VALUES (N'7f728d0b-8ad7-4a02-8da1-e37b8939a92b', N'STQA資料維護', N'STQA', N'Index', NULL, NULL, N'Admin', CAST(N'2024-01-03T00:00:00.000' AS DateTime), NULL, NULL, NULL, NULL)
GO
INSERT [dbo].[Modules] ([ID], [Name], [Controller], [Action], [AdminController], [AdminAction], [CreateUser], [CreateDate], [ModifyUser], [ModifyDate], [DeleteUser], [DeleteDate]) VALUES (N'70ed7fbf-e41c-4501-87c5-f7d8e63e4ad9', N'模組管理', N'ModuleManagement', N'Index', NULL, NULL, N'Admin', CAST(N'2023-10-01T00:00:00.000' AS DateTime), NULL, NULL, NULL, NULL)
GO
INSERT [dbo].[PageRoles] ([ID], [PageID], [RoleID], [AllowActs], [CreateUser], [CreateDate], [ModifyUser], [ModifyDate], [DeleteUser], [DeleteDate]) VALUES (N'269e622f-222e-4543-bf86-09cb779e2836', N'850ef2ca-cf6f-4eb4-959f-9d03c1242af8', N'e635b664-a548-4231-857d-a9853e9967ba', 127, N'F9C2F7F4-CF1A-41C0-B767-0D5217E8863F', CAST(N'2021-11-01T00:00:00.000' AS DateTime), NULL, NULL, NULL, NULL)
GO
INSERT [dbo].[PageRoles] ([ID], [PageID], [RoleID], [AllowActs], [CreateUser], [CreateDate], [ModifyUser], [ModifyDate], [DeleteUser], [DeleteDate]) VALUES (N'a89df35c-d33c-4ddc-b75a-0d357ff7b4e0', N'c30ad26a-b90e-420d-a683-1ad8a4b4a2ab', N'e635b664-a548-4231-857d-a9853e9967ba', 127, N'F9C2F7F4-CF1A-41C0-B767-0D5217E8863F', CAST(N'2021-12-02T17:35:45.443' AS DateTime), NULL, NULL, NULL, NULL)
GO
INSERT [dbo].[PageRoles] ([ID], [PageID], [RoleID], [AllowActs], [CreateUser], [CreateDate], [ModifyUser], [ModifyDate], [DeleteUser], [DeleteDate]) VALUES (N'14d42d81-1b7b-44bf-ae4a-1cc74cd8c0b2', N'15221d83-8ef1-4d97-958d-bd37fd80e479', N'e635b664-a548-4231-857d-a9853e9967ba', 127, N'F9C2F7F4-CF1A-41C0-B767-0D5217E8863F', CAST(N'2021-11-01T00:00:00.000' AS DateTime), NULL, NULL, NULL, NULL)
GO
INSERT [dbo].[PageRoles] ([ID], [PageID], [RoleID], [AllowActs], [CreateUser], [CreateDate], [ModifyUser], [ModifyDate], [DeleteUser], [DeleteDate]) VALUES (N'dc23de94-8e97-40fd-ae34-22f268f10af7', N'e2b95ca0-8676-4876-8816-c2c9ea15b72f', N'e635b664-a548-4231-857d-a9853e9967ba', 127, N'F9C2F7F4-CF1A-41C0-B767-0D5217E8863F', CAST(N'2021-11-01T00:00:00.000' AS DateTime), NULL, NULL, NULL, NULL)
GO
INSERT [dbo].[PageRoles] ([ID], [PageID], [RoleID], [AllowActs], [CreateUser], [CreateDate], [ModifyUser], [ModifyDate], [DeleteUser], [DeleteDate]) VALUES (N'266f9c62-446e-43ed-a4bd-24fbaa9757ca', N'c76821ed-8544-4102-ae57-1561cd31199a', N'e635b664-a548-4231-857d-a9853e9967ba', 127, N'F9C2F7F4-CF1A-41C0-B767-0D5217E8863F', CAST(N'2021-12-02T17:16:53.183' AS DateTime), NULL, NULL, NULL, NULL)
GO
INSERT [dbo].[PageRoles] ([ID], [PageID], [RoleID], [AllowActs], [CreateUser], [CreateDate], [ModifyUser], [ModifyDate], [DeleteUser], [DeleteDate]) VALUES (N'c67ce3cf-3f6b-401f-af57-306781fcb863', N'b7928c1b-e8e5-46c7-ac41-fc629171f10b', N'e635b664-a548-4231-857d-a9853e9967ba', 127, N'F9C2F7F4-CF1A-41C0-B767-0D5217E8863F', CAST(N'2021-11-01T00:00:00.000' AS DateTime), NULL, NULL, NULL, NULL)
GO
INSERT [dbo].[PageRoles] ([ID], [PageID], [RoleID], [AllowActs], [CreateUser], [CreateDate], [ModifyUser], [ModifyDate], [DeleteUser], [DeleteDate]) VALUES (N'4c54fbf8-9796-4b7f-9e1e-347cf2220b02', N'afad997e-664d-46b1-90aa-ea11bde25f24', N'56b36fe5-bbd8-4ca1-b600-baa7cd929645', 99, N'F9C2F7F4-CF1A-41C0-B767-0D5217E8863F', CAST(N'2021-11-19T15:41:10.290' AS DateTime), N'F9C2F7F4-CF1A-41C0-B767-0D5217E8863F', CAST(N'2021-11-19T15:48:02.853' AS DateTime), NULL, NULL)
GO
INSERT [dbo].[PageRoles] ([ID], [PageID], [RoleID], [AllowActs], [CreateUser], [CreateDate], [ModifyUser], [ModifyDate], [DeleteUser], [DeleteDate]) VALUES (N'4c99f970-693d-4fb1-8cae-35032c61f6c1', N'cdc6dbf5-9952-4f13-be44-64562e6fc547', N'e635b664-a548-4231-857d-a9853e9967ba', 127, N'F9C2F7F4-CF1A-41C0-B767-0D5217E8863F', CAST(N'2021-11-01T00:00:00.000' AS DateTime), NULL, NULL, NULL, NULL)
GO
INSERT [dbo].[PageRoles] ([ID], [PageID], [RoleID], [AllowActs], [CreateUser], [CreateDate], [ModifyUser], [ModifyDate], [DeleteUser], [DeleteDate]) VALUES (N'ff3ec6de-0f4a-40fc-83c8-3647e18b7337', N'6f1cfd6f-886d-4c07-978b-21231616d442', N'e635b664-a548-4231-857d-a9853e9967ba', 127, N'F9C2F7F4-CF1A-41C0-B767-0D5217E8863F', CAST(N'2021-11-01T00:00:00.000' AS DateTime), NULL, NULL, NULL, NULL)
GO
INSERT [dbo].[PageRoles] ([ID], [PageID], [RoleID], [AllowActs], [CreateUser], [CreateDate], [ModifyUser], [ModifyDate], [DeleteUser], [DeleteDate]) VALUES (N'0c77abf9-ede3-4af3-9f7a-4020677e4889', N'53f8cd97-2cbe-44f6-a75d-038d770e21a7', N'e635b664-a548-4231-857d-a9853e9967ba', 127, N'F9C2F7F4-CF1A-41C0-B767-0D5217E8863F', CAST(N'2021-11-01T00:00:00.000' AS DateTime), NULL, NULL, NULL, NULL)
GO
INSERT [dbo].[PageRoles] ([ID], [PageID], [RoleID], [AllowActs], [CreateUser], [CreateDate], [ModifyUser], [ModifyDate], [DeleteUser], [DeleteDate]) VALUES (N'7ed3c3f6-3162-4463-bf02-48e689643c53', N'6dee99d6-f314-436c-8be6-f8dca6de7512', N'e635b664-a548-4231-857d-a9853e9967ba', 127, N'F9C2F7F4-CF1A-41C0-B767-0D5217E8863F', CAST(N'2021-11-01T00:00:00.000' AS DateTime), NULL, NULL, NULL, NULL)
GO
INSERT [dbo].[PageRoles] ([ID], [PageID], [RoleID], [AllowActs], [CreateUser], [CreateDate], [ModifyUser], [ModifyDate], [DeleteUser], [DeleteDate]) VALUES (N'e9a8baad-6033-4e5d-af95-647ac9cfe211', N'890e32ba-de00-48cd-8b9c-1784785a8cab', N'e635b664-a548-4231-857d-a9853e9967ba', 127, N'F9C2F7F4-CF1A-41C0-B767-0D5217E8863F', CAST(N'2021-11-01T00:00:00.000' AS DateTime), NULL, NULL, NULL, NULL)
GO
INSERT [dbo].[PageRoles] ([ID], [PageID], [RoleID], [AllowActs], [CreateUser], [CreateDate], [ModifyUser], [ModifyDate], [DeleteUser], [DeleteDate]) VALUES (N'b35dfaa7-36fb-43ce-96c0-751fd1c7a8d1', N'02c568ba-8b50-4011-82ee-d8c07bbea2b0', N'1d7bec68-a588-41c9-ab39-6d7d2162a799', 127, N'F9C2F7F4-CF1A-41C0-B767-0D5217E8863F', CAST(N'2024-01-03T03:34:27.493' AS DateTime), NULL, NULL, NULL, NULL)
GO
INSERT [dbo].[PageRoles] ([ID], [PageID], [RoleID], [AllowActs], [CreateUser], [CreateDate], [ModifyUser], [ModifyDate], [DeleteUser], [DeleteDate]) VALUES (N'25ee839e-1b62-4a09-8f87-81332897f696', N'afad997e-664d-46b1-90aa-ea11bde25f24', N'e635b664-a548-4231-857d-a9853e9967ba', 71, N'F9C2F7F4-CF1A-41C0-B767-0D5217E8863F', CAST(N'2021-11-19T13:53:16.427' AS DateTime), N'F9C2F7F4-CF1A-41C0-B767-0D5217E8863F', CAST(N'2021-11-19T15:48:37.963' AS DateTime), NULL, NULL)
GO
INSERT [dbo].[PageRoles] ([ID], [PageID], [RoleID], [AllowActs], [CreateUser], [CreateDate], [ModifyUser], [ModifyDate], [DeleteUser], [DeleteDate]) VALUES (N'd5fcfe5f-4736-40c2-8678-87cabcff7654', N'1f440676-3203-4986-86c1-306b7cee6188', N'e635b664-a548-4231-857d-a9853e9967ba', 127, N'F9C2F7F4-CF1A-41C0-B767-0D5217E8863F', CAST(N'2021-12-02T17:21:23.920' AS DateTime), N'F9C2F7F4-CF1A-41C0-B767-0D5217E8863F', CAST(N'2021-12-02T17:28:45.870' AS DateTime), NULL, NULL)
GO
INSERT [dbo].[PageRoles] ([ID], [PageID], [RoleID], [AllowActs], [CreateUser], [CreateDate], [ModifyUser], [ModifyDate], [DeleteUser], [DeleteDate]) VALUES (N'414899f1-a979-482a-b7c2-a99870cdc07c', N'ae4e23a9-4f19-49d7-9d53-9d0901f445a6', N'e635b664-a548-4231-857d-a9853e9967ba', 127, N'F9C2F7F4-CF1A-41C0-B767-0D5217E8863F', CAST(N'2022-04-18T14:09:07.847' AS DateTime), NULL, NULL, NULL, NULL)
GO
INSERT [dbo].[PageRoles] ([ID], [PageID], [RoleID], [AllowActs], [CreateUser], [CreateDate], [ModifyUser], [ModifyDate], [DeleteUser], [DeleteDate]) VALUES (N'618345b5-bcfd-448e-8be4-c4ba152a3250', N'afad997e-664d-46b1-90aa-ea11bde25f24', N'2b840ba0-bb65-496e-8f7c-d36e2d82b51d', 15, N'F9C2F7F4-CF1A-41C0-B767-0D5217E8863F', CAST(N'2021-11-19T15:40:51.973' AS DateTime), N'F9C2F7F4-CF1A-41C0-B767-0D5217E8863F', CAST(N'2021-11-19T15:48:22.577' AS DateTime), NULL, NULL)
GO
INSERT [dbo].[PageRoles] ([ID], [PageID], [RoleID], [AllowActs], [CreateUser], [CreateDate], [ModifyUser], [ModifyDate], [DeleteUser], [DeleteDate]) VALUES (N'7bdf6527-3f4c-4f7d-8e6a-cd6debda19f7', N'9fe46596-9487-4dab-9ada-1babb2861dd4', N'e635b664-a548-4231-857d-a9853e9967ba', 127, N'F9C2F7F4-CF1A-41C0-B767-0D5217E8863F', CAST(N'2021-11-01T00:00:00.000' AS DateTime), NULL, NULL, NULL, NULL)
GO
INSERT [dbo].[PageRoles] ([ID], [PageID], [RoleID], [AllowActs], [CreateUser], [CreateDate], [ModifyUser], [ModifyDate], [DeleteUser], [DeleteDate]) VALUES (N'17666202-246e-4a27-9b8f-da60203f9f4d', N'63f7adaa-231b-4ba2-bad4-6c1bc98ad175', N'e635b664-a548-4231-857d-a9853e9967ba', 127, N'F9C2F7F4-CF1A-41C0-B767-0D5217E8863F', CAST(N'2021-11-01T00:00:00.000' AS DateTime), NULL, NULL, NULL, NULL)
GO
INSERT [dbo].[PageRoles] ([ID], [PageID], [RoleID], [AllowActs], [CreateUser], [CreateDate], [ModifyUser], [ModifyDate], [DeleteUser], [DeleteDate]) VALUES (N'14c7e7f0-155e-4a09-97b0-e7caea202688', N'c0cd5d75-4898-4e39-9353-7373b15fce45', N'e635b664-a548-4231-857d-a9853e9967ba', 127, N'F9C2F7F4-CF1A-41C0-B767-0D5217E8863F', CAST(N'2021-11-01T00:00:00.000' AS DateTime), NULL, NULL, NULL, NULL)
GO
INSERT [dbo].[PageRoles] ([ID], [PageID], [RoleID], [AllowActs], [CreateUser], [CreateDate], [ModifyUser], [ModifyDate], [DeleteUser], [DeleteDate]) VALUES (N'16864a0f-3d80-46bf-88e7-f8e834c47edc', N'6878ec82-16ae-435d-abc1-4bfb1ecd7f85', N'e635b664-a548-4231-857d-a9853e9967ba', 127, N'F9C2F7F4-CF1A-41C0-B767-0D5217E8863F', CAST(N'2021-11-01T00:00:00.000' AS DateTime), NULL, NULL, NULL, NULL)
GO
INSERT [dbo].[PageRoles] ([ID], [PageID], [RoleID], [AllowActs], [CreateUser], [CreateDate], [ModifyUser], [ModifyDate], [DeleteUser], [DeleteDate]) VALUES (N'dfa32add-a544-4a97-b648-ff51ca051f2f', N'488b5c14-53bc-4d6e-8e99-47d724b55d2b', N'1d7bec68-a588-41c9-ab39-6d7d2162a799', 127, N'F9C2F7F4-CF1A-41C0-B767-0D5217E8863F', CAST(N'2024-01-10T12:57:36.800' AS DateTime), NULL, NULL, NULL, NULL)
GO
SET IDENTITY_INSERT [dbo].[Pages] ON 
GO
INSERT [dbo].[Pages] ([SeqNo], [ID], [SiteID], [ParentID], [Name], [PageNo], [PageTitle], [IsShowOnHeader], [IsShowOnFooter], [MenuType], [OuterLink], [ModuleID], [Hits], [PageIcon], [SortNo], [IsEnable], [CreateUser], [CreateDate], [ModifyUser], [ModifyDate], [DeleteUser], [DeleteDate]) VALUES (4010, N'53f8cd97-2cbe-44f6-a75d-038d770e21a7', N'15e34669-cc25-48c5-85c6-6af49252cbfe', N'b7928c1b-e8e5-46c7-ac41-fc629171f10b', N'模組管理頁', N'模組管理頁', N'後台 - 模組管理', 1, 1, 2, NULL, N'70ed7fbf-e41c-4501-87c5-f7d8e63e4ad9', 0, N'flaticon-squares-4', 1, 1, N'F9C2F7F4-CF1A-41C0-B767-0D5217E8863F', CAST(N'2023-10-01T00:00:00.000' AS DateTime), N'F9C2F7F4-CF1A-41C0-B767-0D5217E8863F', CAST(N'2023-12-19T05:24:39.333' AS DateTime), NULL, NULL)
GO
INSERT [dbo].[Pages] ([SeqNo], [ID], [SiteID], [ParentID], [Name], [PageNo], [PageTitle], [IsShowOnHeader], [IsShowOnFooter], [MenuType], [OuterLink], [ModuleID], [Hits], [PageIcon], [SortNo], [IsEnable], [CreateUser], [CreateDate], [ModifyUser], [ModifyDate], [DeleteUser], [DeleteDate]) VALUES (6011, N'c76821ed-8544-4102-ae57-1561cd31199a', N'15e34669-cc25-48c5-85c6-6af49252cbfe', NULL, N'基本資料', N'基本資料', N'基本資料', 0, 0, 1, NULL, NULL, 0, N'flaticon2-folder', 1, 1, N'F9C2F7F4-CF1A-41C0-B767-0D5217E8863F', CAST(N'2023-10-01T00:00:00.000' AS DateTime), NULL, NULL, NULL, NULL)
GO
INSERT [dbo].[Pages] ([SeqNo], [ID], [SiteID], [ParentID], [Name], [PageNo], [PageTitle], [IsShowOnHeader], [IsShowOnFooter], [MenuType], [OuterLink], [ModuleID], [Hits], [PageIcon], [SortNo], [IsEnable], [CreateUser], [CreateDate], [ModifyUser], [ModifyDate], [DeleteUser], [DeleteDate]) VALUES (1011, N'890e32ba-de00-48cd-8b9c-1784785a8cab', N'15e34669-cc25-48c5-85c6-6af49252cbfe', N'b7928c1b-e8e5-46c7-ac41-fc629171f10b', N'使用者管理頁', N'使用者管理頁', N'後台 - 使用者管理', 1, 1, 2, NULL, N'81bb133f-318c-49ed-bcd6-3628240a4d7b', 0, N'flaticon2-user', 1, 1, N'F9C2F7F4-CF1A-41C0-B767-0D5217E8863F', CAST(N'2023-10-01T00:00:00.000' AS DateTime), NULL, NULL, NULL, NULL)
GO
INSERT [dbo].[Pages] ([SeqNo], [ID], [SiteID], [ParentID], [Name], [PageNo], [PageTitle], [IsShowOnHeader], [IsShowOnFooter], [MenuType], [OuterLink], [ModuleID], [Hits], [PageIcon], [SortNo], [IsEnable], [CreateUser], [CreateDate], [ModifyUser], [ModifyDate], [DeleteUser], [DeleteDate]) VALUES (2006, N'9fe46596-9487-4dab-9ada-1babb2861dd4', N'15e34669-cc25-48c5-85c6-6af49252cbfe', N'6878ec82-16ae-435d-abc1-4bfb1ecd7f85', N'Test SubSub Folder', N'Test SubSub Folder', N'Test SubSub Folder', 0, 0, 1, NULL, NULL, 0, NULL, 1, 1, N'F9C2F7F4-CF1A-41C0-B767-0D5217E8863F', CAST(N'2023-10-01T00:00:00.000' AS DateTime), NULL, NULL, NULL, NULL)
GO
INSERT [dbo].[Pages] ([SeqNo], [ID], [SiteID], [ParentID], [Name], [PageNo], [PageTitle], [IsShowOnHeader], [IsShowOnFooter], [MenuType], [OuterLink], [ModuleID], [Hits], [PageIcon], [SortNo], [IsEnable], [CreateUser], [CreateDate], [ModifyUser], [ModifyDate], [DeleteUser], [DeleteDate]) VALUES (1013, N'6f1cfd6f-886d-4c07-978b-21231616d442', N'15e34669-cc25-48c5-85c6-6af49252cbfe', N'850ef2ca-cf6f-4eb4-959f-9d03c1242af8', N'範例 AJAX 模組頁', N'範例 AJAX 模組頁', N'範例 AJAX 模組頁', 1, 1, 2, NULL, N'bb5bd534-13a6-45ba-a324-8cc020c5f0e2', 0, NULL, 1, 1, N'F9C2F7F4-CF1A-41C0-B767-0D5217E8863F', CAST(N'2023-10-01T00:00:00.000' AS DateTime), NULL, NULL, NULL, NULL)
GO
INSERT [dbo].[Pages] ([SeqNo], [ID], [SiteID], [ParentID], [Name], [PageNo], [PageTitle], [IsShowOnHeader], [IsShowOnFooter], [MenuType], [OuterLink], [ModuleID], [Hits], [PageIcon], [SortNo], [IsEnable], [CreateUser], [CreateDate], [ModifyUser], [ModifyDate], [DeleteUser], [DeleteDate]) VALUES (8020, N'488b5c14-53bc-4d6e-8e99-47d724b55d2b', N'15e34669-cc25-48c5-85c6-6af49252cbfe', N'c76821ed-8544-4102-ae57-1561cd31199a', N'待審清單', N'待審清單', N'待審清單', 0, 0, 2, NULL, N'7d6c4746-3ad5-4675-b941-4334c871125d', 0, NULL, 0, 1, N'F9C2F7F4-CF1A-41C0-B767-0D5217E8863F', CAST(N'2024-01-10T12:56:35.573' AS DateTime), NULL, NULL, NULL, NULL)
GO
INSERT [dbo].[Pages] ([SeqNo], [ID], [SiteID], [ParentID], [Name], [PageNo], [PageTitle], [IsShowOnHeader], [IsShowOnFooter], [MenuType], [OuterLink], [ModuleID], [Hits], [PageIcon], [SortNo], [IsEnable], [CreateUser], [CreateDate], [ModifyUser], [ModifyDate], [DeleteUser], [DeleteDate]) VALUES (1015, N'6878ec82-16ae-435d-abc1-4bfb1ecd7f85', N'15e34669-cc25-48c5-85c6-6af49252cbfe', N'e2b95ca0-8676-4876-8816-c2c9ea15b72f', N'Test Sub Folder', N'Test Sub Folder', N'Test Sub Folder', 1, 1, 1, NULL, NULL, 0, N' flaticon2-folder', 1, 1, N'F9C2F7F4-CF1A-41C0-B767-0D5217E8863F', CAST(N'2023-10-01T00:00:00.000' AS DateTime), NULL, NULL, NULL, NULL)
GO
INSERT [dbo].[Pages] ([SeqNo], [ID], [SiteID], [ParentID], [Name], [PageNo], [PageTitle], [IsShowOnHeader], [IsShowOnFooter], [MenuType], [OuterLink], [ModuleID], [Hits], [PageIcon], [SortNo], [IsEnable], [CreateUser], [CreateDate], [ModifyUser], [ModifyDate], [DeleteUser], [DeleteDate]) VALUES (3010, N'cdc6dbf5-9952-4f13-be44-64562e6fc547', N'15e34669-cc25-48c5-85c6-6af49252cbfe', N'b7928c1b-e8e5-46c7-ac41-fc629171f10b', N'選單角色管理', N'選單角色管理', N'後台 - 選單角色管理', 0, 0, 2, NULL, N'25f8d373-0534-4231-8098-c49e1d616194', 0, N'flaticon-users-1', 1, 1, N'F9C2F7F4-CF1A-41C0-B767-0D5217E8863F', CAST(N'2023-10-01T00:00:00.000' AS DateTime), NULL, NULL, NULL, NULL)
GO
INSERT [dbo].[Pages] ([SeqNo], [ID], [SiteID], [ParentID], [Name], [PageNo], [PageTitle], [IsShowOnHeader], [IsShowOnFooter], [MenuType], [OuterLink], [ModuleID], [Hits], [PageIcon], [SortNo], [IsEnable], [CreateUser], [CreateDate], [ModifyUser], [ModifyDate], [DeleteUser], [DeleteDate]) VALUES (2009, N'63f7adaa-231b-4ba2-bad4-6c1bc98ad175', N'15e34669-cc25-48c5-85c6-6af49252cbfe', N'b7928c1b-e8e5-46c7-ac41-fc629171f10b', N'角色管理頁', N'角色管理頁', N'後台 - 角色管理頁', 0, 0, 2, NULL, N'd025d8b1-200c-4ffd-b7b5-a1b43be61d7f', 0, N'flaticon2-group', 1, 1, N'F9C2F7F4-CF1A-41C0-B767-0D5217E8863F', CAST(N'2023-10-01T00:00:00.000' AS DateTime), NULL, NULL, NULL, NULL)
GO
INSERT [dbo].[Pages] ([SeqNo], [ID], [SiteID], [ParentID], [Name], [PageNo], [PageTitle], [IsShowOnHeader], [IsShowOnFooter], [MenuType], [OuterLink], [ModuleID], [Hits], [PageIcon], [SortNo], [IsEnable], [CreateUser], [CreateDate], [ModifyUser], [ModifyDate], [DeleteUser], [DeleteDate]) VALUES (2010, N'c0cd5d75-4898-4e39-9353-7373b15fce45', N'15e34669-cc25-48c5-85c6-6af49252cbfe', N'b7928c1b-e8e5-46c7-ac41-fc629171f10b', N'帳號角色管理', N'帳號角色管理', N'後台 - 帳號角色管理', 0, 0, 2, NULL, N'bc7fddad-220b-43c7-b80d-74528a0d086d', 0, N'flaticon2-user-1', 1, 1, N'F9C2F7F4-CF1A-41C0-B767-0D5217E8863F', CAST(N'2023-10-01T00:00:00.000' AS DateTime), NULL, NULL, NULL, NULL)
GO
INSERT [dbo].[Pages] ([SeqNo], [ID], [SiteID], [ParentID], [Name], [PageNo], [PageTitle], [IsShowOnHeader], [IsShowOnFooter], [MenuType], [OuterLink], [ModuleID], [Hits], [PageIcon], [SortNo], [IsEnable], [CreateUser], [CreateDate], [ModifyUser], [ModifyDate], [DeleteUser], [DeleteDate]) VALUES (1006, N'850ef2ca-cf6f-4eb4-959f-9d03c1242af8', N'15e34669-cc25-48c5-85c6-6af49252cbfe', NULL, N'範例模組', N'範例模組', N'範例模組', 1, 1, 1, NULL, NULL, 0, N' flaticon2-folder', 1, 1, N'F9C2F7F4-CF1A-41C0-B767-0D5217E8863F', CAST(N'2023-10-01T00:00:00.000' AS DateTime), NULL, NULL, NULL, NULL)
GO
INSERT [dbo].[Pages] ([SeqNo], [ID], [SiteID], [ParentID], [Name], [PageNo], [PageTitle], [IsShowOnHeader], [IsShowOnFooter], [MenuType], [OuterLink], [ModuleID], [Hits], [PageIcon], [SortNo], [IsEnable], [CreateUser], [CreateDate], [ModifyUser], [ModifyDate], [DeleteUser], [DeleteDate]) VALUES (8018, N'ae4e23a9-4f19-49d7-9d53-9d0901f445a6', N'15e34669-cc25-48c5-85c6-6af49252cbfe', N'b7928c1b-e8e5-46c7-ac41-fc629171f10b', N'站台管理', N'站台管理', N'後台管理 - 站台管理', 1, 1, 2, NULL, N'0e1286d9-c8e7-44d1-8484-5696f293c6cf', 0, N'flaticon-map', 1, 1, N'F9C2F7F4-CF1A-41C0-B767-0D5217E8863F', CAST(N'2023-10-01T00:00:00.000' AS DateTime), NULL, NULL, NULL, NULL)
GO
INSERT [dbo].[Pages] ([SeqNo], [ID], [SiteID], [ParentID], [Name], [PageNo], [PageTitle], [IsShowOnHeader], [IsShowOnFooter], [MenuType], [OuterLink], [ModuleID], [Hits], [PageIcon], [SortNo], [IsEnable], [CreateUser], [CreateDate], [ModifyUser], [ModifyDate], [DeleteUser], [DeleteDate]) VALUES (1012, N'15221d83-8ef1-4d97-958d-bd37fd80e479', N'15e34669-cc25-48c5-85c6-6af49252cbfe', N'850ef2ca-cf6f-4eb4-959f-9d03c1242af8', N'範例模組頁', N'範例模組頁', N'後台 - 範例模組頁', 1, 1, 2, NULL, N'5c2774d6-390e-4c10-bbd7-c3276335c49c', 0, NULL, 1, 1, N'F9C2F7F4-CF1A-41C0-B767-0D5217E8863F', CAST(N'2023-10-01T00:00:00.000' AS DateTime), NULL, NULL, NULL, NULL)
GO
INSERT [dbo].[Pages] ([SeqNo], [ID], [SiteID], [ParentID], [Name], [PageNo], [PageTitle], [IsShowOnHeader], [IsShowOnFooter], [MenuType], [OuterLink], [ModuleID], [Hits], [PageIcon], [SortNo], [IsEnable], [CreateUser], [CreateDate], [ModifyUser], [ModifyDate], [DeleteUser], [DeleteDate]) VALUES (1, N'e2b95ca0-8676-4876-8816-c2c9ea15b72f', N'15e34669-cc25-48c5-85c6-6af49252cbfe', NULL, N'Test Folder', N'Test Folder', N'Test Folder', 1, 0, 1, NULL, NULL, 0, N' flaticon2-folder', 1, 1, N'F9C2F7F4-CF1A-41C0-B767-0D5217E8863F', CAST(N'2023-10-01T00:00:00.000' AS DateTime), NULL, NULL, NULL, NULL)
GO
INSERT [dbo].[Pages] ([SeqNo], [ID], [SiteID], [ParentID], [Name], [PageNo], [PageTitle], [IsShowOnHeader], [IsShowOnFooter], [MenuType], [OuterLink], [ModuleID], [Hits], [PageIcon], [SortNo], [IsEnable], [CreateUser], [CreateDate], [ModifyUser], [ModifyDate], [DeleteUser], [DeleteDate]) VALUES (8019, N'02c568ba-8b50-4011-82ee-d8c07bbea2b0', N'15e34669-cc25-48c5-85c6-6af49252cbfe', N'c76821ed-8544-4102-ae57-1561cd31199a', N'新供應商申請', N'新供應商申請', N'新供應商申請', 0, 0, 2, NULL, N'004037a6-2729-41dd-b0bf-98d3fc0655f7', 0, NULL, 0, 1, N'F9C2F7F4-CF1A-41C0-B767-0D5217E8863F', CAST(N'2024-01-03T03:34:03.340' AS DateTime), NULL, NULL, NULL, NULL)
GO
INSERT [dbo].[Pages] ([SeqNo], [ID], [SiteID], [ParentID], [Name], [PageNo], [PageTitle], [IsShowOnHeader], [IsShowOnFooter], [MenuType], [OuterLink], [ModuleID], [Hits], [PageIcon], [SortNo], [IsEnable], [CreateUser], [CreateDate], [ModifyUser], [ModifyDate], [DeleteUser], [DeleteDate]) VALUES (5010, N'afad997e-664d-46b1-90aa-ea11bde25f24', N'15e34669-cc25-48c5-85c6-6af49252cbfe', N'e2b95ca0-8676-4876-8816-c2c9ea15b72f', N'測試模組', N'測試模組', N'測試模組', 0, 0, 2, NULL, N'a8400b9a-0396-4a83-87ce-726ab5364e6f', 0, NULL, 1, 1, N'F9C2F7F4-CF1A-41C0-B767-0D5217E8863F', CAST(N'2023-10-01T00:00:00.000' AS DateTime), NULL, NULL, NULL, NULL)
GO
INSERT [dbo].[Pages] ([SeqNo], [ID], [SiteID], [ParentID], [Name], [PageNo], [PageTitle], [IsShowOnHeader], [IsShowOnFooter], [MenuType], [OuterLink], [ModuleID], [Hits], [PageIcon], [SortNo], [IsEnable], [CreateUser], [CreateDate], [ModifyUser], [ModifyDate], [DeleteUser], [DeleteDate]) VALUES (1010, N'6dee99d6-f314-436c-8be6-f8dca6de7512', N'15e34669-cc25-48c5-85c6-6af49252cbfe', N'b7928c1b-e8e5-46c7-ac41-fc629171f10b', N'選單管理頁', N'選單管理頁', N'後台 - 選單管理', 1, 1, 2, NULL, N'3228be98-f7dc-450b-b7a2-0ed8b45f9ea1', 0, N'flaticon-app', 1, 1, N'F9C2F7F4-CF1A-41C0-B767-0D5217E8863F', CAST(N'2023-10-01T00:00:00.000' AS DateTime), NULL, NULL, NULL, NULL)
GO
INSERT [dbo].[Pages] ([SeqNo], [ID], [SiteID], [ParentID], [Name], [PageNo], [PageTitle], [IsShowOnHeader], [IsShowOnFooter], [MenuType], [OuterLink], [ModuleID], [Hits], [PageIcon], [SortNo], [IsEnable], [CreateUser], [CreateDate], [ModifyUser], [ModifyDate], [DeleteUser], [DeleteDate]) VALUES (2007, N'b7928c1b-e8e5-46c7-ac41-fc629171f10b', N'15e34669-cc25-48c5-85c6-6af49252cbfe', NULL, N'後台管理', N'後台管理', N'後台管理', 0, 0, 1, NULL, NULL, 0, N' flaticon2-folder', 1, 1, N'F9C2F7F4-CF1A-41C0-B767-0D5217E8863F', CAST(N'2023-10-01T00:00:00.000' AS DateTime), NULL, NULL, NULL, NULL)
GO
SET IDENTITY_INSERT [dbo].[Pages] OFF
GO
INSERT [dbo].[Sites] ([ID], [Name], [Title], [MediaFileID], [HeaderText], [FooterText]) VALUES (N'15e34669-cc25-48c5-85c6-6af49252cbfe', N'TEL', N'東京威力 TEL', N'fbd91cd5-2b57-4930-aa10-2ad3c4bd13ce', N'標題內容', N'頁尾註解')
GO
INSERT [dbo].[SystemUsers] ([ID], [Account], [Password], [HashKey], [FirstName], [LastName], [Email], [Title], [MediaFileID], [IsEnable], [IsDeleted], [CreateUser], [CreateDate], [ModifyUser], [ModifyDate], [DeleteUser], [DeleteDate]) VALUES (N'09EC8A24-1323-4E59-A137-E27DF2AB9A06', N'Test lock Account', N'FfIyEKmelFZvO6bB66gpNFn7yFTFRfjmBNWZbQXk/wl3LPtd37+2uA6OD8HhQHBzUx+mU9AiRUIBfUuItU3HAw==', N'JIrsCSMTWU6hN+J98quaBg==', N'Lock', N'lockmen', N'lock@gmail.com', N'lock', NULL, 0, 1, N'f9c2f7f4-cf1a-41c0-b767-0d5217e8863f', CAST(N'2021-12-10T11:43:10.580' AS DateTime), NULL, NULL, N'f9c2f7f4-cf1a-41c0-b767-0d5217e8863f', CAST(N'2021-12-10T11:43:44.447' AS DateTime))
GO
INSERT [dbo].[SystemUsers] ([ID], [Account], [Password], [HashKey], [FirstName], [LastName], [Email], [Title], [MediaFileID], [IsEnable], [IsDeleted], [CreateUser], [CreateDate], [ModifyUser], [ModifyDate], [DeleteUser], [DeleteDate]) VALUES (N'C03ACC95-1FC0-4463-B192-4D91039AA5E2', N'Test men', N'o9d+Urujcl6QgcaERfdVPcEx4I6dS/+ioewhI2UfeEzJ41XbAyizy9LAyVY0OgypTVllLI+pHlX6L4VERwRpgQ==', N'lcw6wMAfY0Sxkk2RA5ql4g==', N'Test', N'men', N'Test@gmail.com', N'the Test', NULL, 0, 0, N'f9c2f7f4-cf1a-41c0-b767-0d5217e8863f', CAST(N'2021-12-10T11:29:28.013' AS DateTime), NULL, NULL, NULL, NULL)
GO
INSERT [dbo].[SystemUsers] ([ID], [Account], [Password], [HashKey], [FirstName], [LastName], [Email], [Title], [MediaFileID], [IsEnable], [IsDeleted], [CreateUser], [CreateDate], [ModifyUser], [ModifyDate], [DeleteUser], [DeleteDate]) VALUES (N'F9C2F7F4-CF1A-41C0-B767-0D5217E8863F', N'Admin', N'FXw+nI3f2jdFO2cYA8DOEK10eReYRcdDBUr3v6ovqM8RJuIyYXnhOxAQSoE9GWi68OZf2PH3/Kc3vbjbYbPEgg==', N'9PfC+RrPwEG3Zw1SF+iGPw==', N'Admin', N'Admin', N'Admin@Admin.com', N'Admin', NULL, 1, 0, N'f9c2f7f4-cf1a-41c0-b767-0d5217e8863f', CAST(N'2021-10-14T00:00:00.000' AS DateTime), N'f9c2f7f4-cf1a-41c0-b767-0d5217e8863f', CAST(N'2021-11-08T10:18:25.517' AS DateTime), NULL, NULL)
GO
INSERT [dbo].[TET_Parameters] ([ID], [Type], [Item], [Seq], [IsEnable], [CreateUser], [CreateDate], [ModifyUser], [ModifyDate]) VALUES (N'ec6c4cb0-1879-4449-a6f1-002076b1bea6', N'交易主類別', N'辦公室工程', 13, 1, N'Admin', CAST(N'2023-12-15T13:10:23.477' AS DateTime), N'Admin', CAST(N'2023-12-15T13:10:23.477' AS DateTime))
GO
INSERT [dbo].[TET_Parameters] ([ID], [Type], [Item], [Seq], [IsEnable], [CreateUser], [CreateDate], [ModifyUser], [ModifyDate]) VALUES (N'7b9cac56-d1bc-4946-a9a9-0068ce88da9d', N'交易主類別', N'辦公室耗材', 18, 1, N'Admin', CAST(N'2023-12-15T13:10:23.477' AS DateTime), N'Admin', CAST(N'2023-12-15T13:10:23.477' AS DateTime))
GO
INSERT [dbo].[TET_Parameters] ([ID], [Type], [Item], [Seq], [IsEnable], [CreateUser], [CreateDate], [ModifyUser], [ModifyDate]) VALUES (N'f161d0d7-8bbd-443d-b262-0116dd0369de', N'STQA業務類別', N'其他勞務 Others Labor', 3, 1, N'Admin', CAST(N'2023-12-15T13:10:23.477' AS DateTime), N'Admin', CAST(N'2023-12-15T13:10:23.477' AS DateTime))
GO
INSERT [dbo].[TET_Parameters] ([ID], [Type], [Item], [Seq], [IsEnable], [CreateUser], [CreateDate], [ModifyUser], [ModifyDate]) VALUES (N'79e3ed91-4f47-482d-8e0f-035eda888367', N'SPA評鑑項目', N'Relocation', 6, 1, N'Admin', CAST(N'2023-12-15T13:10:23.477' AS DateTime), N'Admin', CAST(N'2023-12-15T13:10:23.477' AS DateTime))
GO
INSERT [dbo].[TET_Parameters] ([ID], [Type], [Item], [Seq], [IsEnable], [CreateUser], [CreateDate], [ModifyUser], [ModifyDate]) VALUES (N'a7258621-a19a-4ef7-92ea-04d1f53ab4f9', N'STQA Level', N'Ⅴ', 5, 1, N'Admin', CAST(N'2023-12-15T13:10:23.477' AS DateTime), N'Admin', CAST(N'2023-12-15T13:10:23.477' AS DateTime))
GO
INSERT [dbo].[TET_Parameters] ([ID], [Type], [Item], [Seq], [IsEnable], [CreateUser], [CreateDate], [ModifyUser], [ModifyDate]) VALUES (N'9e0e95da-e4a6-4382-a600-05716c90054e', N'STQA業務類別', N'製造/加工 Manufacturing/Processing', 4, 1, N'Admin', CAST(N'2023-12-15T13:10:23.477' AS DateTime), N'Admin', CAST(N'2023-12-15T13:10:23.477' AS DateTime))
GO
INSERT [dbo].[TET_Parameters] ([ID], [Type], [Item], [Seq], [IsEnable], [CreateUser], [CreateDate], [ModifyUser], [ModifyDate]) VALUES (N'bd21fbb8-bc39-4d43-8065-059cdbbd85ee', N'交易子類別', N'其他', 10, 1, N'Admin', CAST(N'2023-12-15T13:10:23.477' AS DateTime), N'Admin', CAST(N'2023-12-15T13:10:23.477' AS DateTime))
GO
INSERT [dbo].[TET_Parameters] ([ID], [Type], [Item], [Seq], [IsEnable], [CreateUser], [CreateDate], [ModifyUser], [ModifyDate]) VALUES (N'8f67214a-a491-4a74-8d26-05faf2ba83e9', N'STQA業務類別', N'裝機勞務 Startup Labor', 1, 1, N'Admin', CAST(N'2023-12-15T13:10:23.477' AS DateTime), N'Admin', CAST(N'2023-12-15T13:10:23.477' AS DateTime))
GO
INSERT [dbo].[TET_Parameters] ([ID], [Type], [Item], [Seq], [IsEnable], [CreateUser], [CreateDate], [ModifyUser], [ModifyDate]) VALUES (N'beace6e9-6ca6-476a-a64e-06461bb62378', N'SPA評鑑單位', N'TFF_SD', 8, 1, N'Admin', CAST(N'2023-12-15T13:10:23.477' AS DateTime), N'Admin', CAST(N'2023-12-15T13:10:23.477' AS DateTime))
GO
INSERT [dbo].[TET_Parameters] ([ID], [Type], [Item], [Seq], [IsEnable], [CreateUser], [CreateDate], [ModifyUser], [ModifyDate]) VALUES (N'a7d72aac-3aad-4e2f-8a41-065dd6a39f7c', N'BU', N'ATS', 2, 1, N'Admin', CAST(N'2023-12-15T13:10:23.477' AS DateTime), N'Admin', CAST(N'2023-12-15T13:10:23.477' AS DateTime))
GO
INSERT [dbo].[TET_Parameters] ([ID], [Type], [Item], [Seq], [IsEnable], [CreateUser], [CreateDate], [ModifyUser], [ModifyDate]) VALUES (N'aca91ad6-be33-4bbf-8bf3-06d49d7fad2b', N'STQA理由', N'更新 Continued', 2, 1, N'Admin', CAST(N'2023-12-15T13:10:23.477' AS DateTime), N'Admin', CAST(N'2023-12-15T13:10:23.477' AS DateTime))
GO
INSERT [dbo].[TET_Parameters] ([ID], [Type], [Item], [Seq], [IsEnable], [CreateUser], [CreateDate], [ModifyUser], [ModifyDate]) VALUES (N'0056de85-75b0-4ee5-800f-0a61a8006d35', N'國家別', N'日本', 2, 1, N'Admin', CAST(N'2023-12-15T13:10:23.477' AS DateTime), N'Admin', CAST(N'2023-12-15T13:10:23.477' AS DateTime))
GO
INSERT [dbo].[TET_Parameters] ([ID], [Type], [Item], [Seq], [IsEnable], [CreateUser], [CreateDate], [ModifyUser], [ModifyDate]) VALUES (N'2e9096a5-7346-43b3-8598-0c796f77f0c5', N'交易主類別', N'分析', 5, 1, N'Admin', CAST(N'2023-12-15T13:10:23.477' AS DateTime), N'Admin', CAST(N'2023-12-15T13:10:23.477' AS DateTime))
GO
INSERT [dbo].[TET_Parameters] ([ID], [Type], [Item], [Seq], [IsEnable], [CreateUser], [CreateDate], [ModifyUser], [ModifyDate]) VALUES (N'28ce6bde-5d5b-4783-a3ea-0ca712ab1c8d', N'BU', N'Legal', 11, 1, N'Admin', CAST(N'2023-12-15T13:10:23.477' AS DateTime), N'Admin', CAST(N'2023-12-15T13:10:23.477' AS DateTime))
GO
INSERT [dbo].[TET_Parameters] ([ID], [Type], [Item], [Seq], [IsEnable], [CreateUser], [CreateDate], [ModifyUser], [ModifyDate]) VALUES (N'b73bdff7-783b-4a57-859f-0cab43b5844f', N'廠商類別', N'PCR(社員活動/媒體活動)', 9, 1, N'Admin', CAST(N'2023-12-15T13:10:23.477' AS DateTime), N'Admin', CAST(N'2023-12-15T13:10:23.477' AS DateTime))
GO
INSERT [dbo].[TET_Parameters] ([ID], [Type], [Item], [Seq], [IsEnable], [CreateUser], [CreateDate], [ModifyUser], [ModifyDate]) VALUES (N'84a04ab3-d87a-4b29-bd80-10c31897427e', N'STQA Level', N'Ⅰ', 1, 1, N'Admin', CAST(N'2023-12-15T13:10:23.477' AS DateTime), N'Admin', CAST(N'2023-12-15T13:10:23.477' AS DateTime))
GO
INSERT [dbo].[TET_Parameters] ([ID], [Type], [Item], [Seq], [IsEnable], [CreateUser], [CreateDate], [ModifyUser], [ModifyDate]) VALUES (N'29f08435-d599-4def-81a6-140a93d8c7d3', N'STQA方式', N'Type 1: 實地評鑑 On-site Assessment', 1, 1, N'Admin', CAST(N'2023-12-15T13:10:23.477' AS DateTime), N'Admin', CAST(N'2023-12-15T13:10:23.477' AS DateTime))
GO
INSERT [dbo].[TET_Parameters] ([ID], [Type], [Item], [Seq], [IsEnable], [CreateUser], [CreateDate], [ModifyUser], [ModifyDate]) VALUES (N'242a11be-2dd2-4d96-ba1c-14de9c195e04', N'交易主類別', N'包裝行', 28, 1, N'Admin', CAST(N'2023-12-15T13:10:23.477' AS DateTime), N'Admin', CAST(N'2023-12-15T13:10:23.477' AS DateTime))
GO
INSERT [dbo].[TET_Parameters] ([ID], [Type], [Item], [Seq], [IsEnable], [CreateUser], [CreateDate], [ModifyUser], [ModifyDate]) VALUES (N'56e42b82-c436-4465-8d2d-15dbfa1d8caa', N'請款憑證', N'免稅發票', 2, 1, N'Admin', CAST(N'2023-12-15T13:10:23.477' AS DateTime), N'Admin', CAST(N'2023-12-15T13:10:23.477' AS DateTime))
GO
INSERT [dbo].[TET_Parameters] ([ID], [Type], [Item], [Seq], [IsEnable], [CreateUser], [CreateDate], [ModifyUser], [ModifyDate]) VALUES (N'902c4751-2829-4529-8fc5-1643eaa496a2', N'SPA Level', N'Ⅰ', 1, 1, N'Admin', CAST(N'2023-12-15T13:10:23.477' AS DateTime), N'Admin', CAST(N'2023-12-15T13:10:23.477' AS DateTime))
GO
INSERT [dbo].[TET_Parameters] ([ID], [Type], [Item], [Seq], [IsEnable], [CreateUser], [CreateDate], [ModifyUser], [ModifyDate]) VALUES (N'1b4ce85b-9b09-4a3b-88be-17c68f2d384a', N'廠商類別', N'EHS', 2, 1, N'Admin', CAST(N'2023-12-15T13:10:23.477' AS DateTime), N'Admin', CAST(N'2023-12-15T13:10:23.477' AS DateTime))
GO
INSERT [dbo].[TET_Parameters] ([ID], [Type], [Item], [Seq], [IsEnable], [CreateUser], [CreateDate], [ModifyUser], [ModifyDate]) VALUES (N'13bf4608-cc02-41ac-8098-181114758abd', N'STQA Level', N'Ⅲ', 3, 1, N'Admin', CAST(N'2023-12-15T13:10:23.477' AS DateTime), N'Admin', CAST(N'2023-12-15T13:10:23.477' AS DateTime))
GO
INSERT [dbo].[TET_Parameters] ([ID], [Type], [Item], [Seq], [IsEnable], [CreateUser], [CreateDate], [ModifyUser], [ModifyDate]) VALUES (N'5600220c-42fb-4b47-9ae6-1a775bcaae33', N'交易子類別', N'維修', 11, 1, N'Admin', CAST(N'2023-12-15T13:10:23.477' AS DateTime), N'Admin', CAST(N'2023-12-15T13:10:23.477' AS DateTime))
GO
INSERT [dbo].[TET_Parameters] ([ID], [Type], [Item], [Seq], [IsEnable], [CreateUser], [CreateDate], [ModifyUser], [ModifyDate]) VALUES (N'12e648a8-4ef3-4e1f-9a2d-1bdfe60dd591', N'交易主類別', N'勞務', 1, 1, N'Admin', CAST(N'2023-12-15T13:10:23.477' AS DateTime), N'Admin', CAST(N'2023-12-15T13:10:23.477' AS DateTime))
GO
INSERT [dbo].[TET_Parameters] ([ID], [Type], [Item], [Seq], [IsEnable], [CreateUser], [CreateDate], [ModifyUser], [ModifyDate]) VALUES (N'3b017955-563c-436b-b790-1f784d42180d', N'SPA服務對象', N'ES', 2, 1, N'Admin', CAST(N'2023-12-15T13:10:23.477' AS DateTime), N'Admin', CAST(N'2023-12-15T13:10:23.477' AS DateTime))
GO
INSERT [dbo].[TET_Parameters] ([ID], [Type], [Item], [Seq], [IsEnable], [CreateUser], [CreateDate], [ModifyUser], [ModifyDate]) VALUES (N'3bda37a5-6f3d-42e4-8e46-212afc3f4b34', N'STQA理由', N'新規 New', 1, 1, N'Admin', CAST(N'2023-12-15T13:10:23.477' AS DateTime), N'Admin', CAST(N'2023-12-15T13:10:23.477' AS DateTime))
GO
INSERT [dbo].[TET_Parameters] ([ID], [Type], [Item], [Seq], [IsEnable], [CreateUser], [CreateDate], [ModifyUser], [ModifyDate]) VALUES (N'd9fdf2d3-9eb1-45a1-afed-213c71d558b6', N'交易主類別', N'教育訓練', 32, 1, N'Admin', CAST(N'2023-12-15T13:10:23.477' AS DateTime), N'Admin', CAST(N'2023-12-15T13:10:23.477' AS DateTime))
GO
INSERT [dbo].[TET_Parameters] ([ID], [Type], [Item], [Seq], [IsEnable], [CreateUser], [CreateDate], [ModifyUser], [ModifyDate]) VALUES (N'ce3dbd31-5ed0-4eff-94b2-2290250ff9c3', N'BU', N'GA&FM', 8, 1, N'Admin', CAST(N'2023-12-15T13:10:23.477' AS DateTime), N'Admin', CAST(N'2023-12-15T13:10:23.477' AS DateTime))
GO
INSERT [dbo].[TET_Parameters] ([ID], [Type], [Item], [Seq], [IsEnable], [CreateUser], [CreateDate], [ModifyUser], [ModifyDate]) VALUES (N'd6f410fb-8b7b-427e-a0b7-2336cc41d58c', N'SPA評鑑單位', N'SPS', 7, 1, N'Admin', CAST(N'2023-12-15T13:10:23.477' AS DateTime), N'Admin', CAST(N'2023-12-15T13:10:23.477' AS DateTime))
GO
INSERT [dbo].[TET_Parameters] ([ID], [Type], [Item], [Seq], [IsEnable], [CreateUser], [CreateDate], [ModifyUser], [ModifyDate]) VALUES (N'7580cebb-f070-4198-83c3-264462b9b413', N'國家別', N'美國', 3, 1, N'Admin', CAST(N'2023-12-15T13:10:23.477' AS DateTime), N'Admin', CAST(N'2023-12-15T13:10:23.477' AS DateTime))
GO
INSERT [dbo].[TET_Parameters] ([ID], [Type], [Item], [Seq], [IsEnable], [CreateUser], [CreateDate], [ModifyUser], [ModifyDate]) VALUES (N'98d9d01f-7914-4ce8-835a-26576741d2ea', N'交易主類別', N'環境偵測', 16, 1, N'Admin', CAST(N'2023-12-15T13:10:23.477' AS DateTime), N'Admin', CAST(N'2023-12-15T13:10:23.477' AS DateTime))
GO
INSERT [dbo].[TET_Parameters] ([ID], [Type], [Item], [Seq], [IsEnable], [CreateUser], [CreateDate], [ModifyUser], [ModifyDate]) VALUES (N'69b5f199-064f-4358-b412-269d6d2800c7', N'SPA評鑑單位', N'ES', 5, 1, N'Admin', CAST(N'2023-12-15T13:10:23.477' AS DateTime), N'Admin', CAST(N'2023-12-15T13:10:23.477' AS DateTime))
GO
INSERT [dbo].[TET_Parameters] ([ID], [Type], [Item], [Seq], [IsEnable], [CreateUser], [CreateDate], [ModifyUser], [ModifyDate]) VALUES (N'f045cf2f-d0bf-4ef5-b05a-2760dc437bc4', N'交易條件', N'FCA', 2, 1, N'Admin', CAST(N'2023-12-15T13:10:23.477' AS DateTime), N'Admin', CAST(N'2023-12-15T13:10:23.477' AS DateTime))
GO
INSERT [dbo].[TET_Parameters] ([ID], [Type], [Item], [Seq], [IsEnable], [CreateUser], [CreateDate], [ModifyUser], [ModifyDate]) VALUES (N'6a95ccb5-1eca-46f0-a7b2-2b3f4b95488c', N'交易主類別', N'儀器', 7, 1, N'Admin', CAST(N'2023-12-15T13:10:23.477' AS DateTime), N'Admin', CAST(N'2023-12-15T13:10:23.477' AS DateTime))
GO
INSERT [dbo].[TET_Parameters] ([ID], [Type], [Item], [Seq], [IsEnable], [CreateUser], [CreateDate], [ModifyUser], [ModifyDate]) VALUES (N'ab707565-dcbb-462a-a7a2-2b40cc52e638', N'交易子類別', N'拆移機', 5, 1, N'Admin', CAST(N'2023-12-15T13:10:23.477' AS DateTime), N'Admin', CAST(N'2023-12-15T13:10:23.477' AS DateTime))
GO
INSERT [dbo].[TET_Parameters] ([ID], [Type], [Item], [Seq], [IsEnable], [CreateUser], [CreateDate], [ModifyUser], [ModifyDate]) VALUES (N'cb5d2a8c-b3fc-4e88-aaa8-327d7a78bb92', N'SPA評鑑單位', N'DSS_AC', 3, 1, N'Admin', CAST(N'2023-12-15T13:10:23.477' AS DateTime), N'Admin', CAST(N'2023-12-15T13:10:23.477' AS DateTime))
GO
INSERT [dbo].[TET_Parameters] ([ID], [Type], [Item], [Seq], [IsEnable], [CreateUser], [CreateDate], [ModifyUser], [ModifyDate]) VALUES (N'ee7b0aad-a254-4c03-a31a-35e25a59abf0', N'SPA服務對象', N'SPS', 4, 1, N'Admin', CAST(N'2023-12-15T13:10:23.477' AS DateTime), N'Admin', CAST(N'2023-12-15T13:10:23.477' AS DateTime))
GO
INSERT [dbo].[TET_Parameters] ([ID], [Type], [Item], [Seq], [IsEnable], [CreateUser], [CreateDate], [ModifyUser], [ModifyDate]) VALUES (N'a99aeae1-c196-47b2-9542-3b18ccc4b9b0', N'SPA評鑑項目', N'8" Startup', 1, 1, N'Admin', CAST(N'2023-12-15T13:10:23.477' AS DateTime), N'Admin', CAST(N'2023-12-15T13:10:23.477' AS DateTime))
GO
INSERT [dbo].[TET_Parameters] ([ID], [Type], [Item], [Seq], [IsEnable], [CreateUser], [CreateDate], [ModifyUser], [ModifyDate]) VALUES (N'87032348-06a6-4560-9cb0-3b408201b2ca', N'交易子類別', N'改造', 6, 1, N'Admin', CAST(N'2023-12-15T13:10:23.477' AS DateTime), N'Admin', CAST(N'2023-12-15T13:10:23.477' AS DateTime))
GO
INSERT [dbo].[TET_Parameters] ([ID], [Type], [Item], [Seq], [IsEnable], [CreateUser], [CreateDate], [ModifyUser], [ModifyDate]) VALUES (N'476124c1-247d-4a49-b185-3cc0cb5c8df4', N'幣別', N'JPY', 2, 1, N'Admin', CAST(N'2023-12-15T13:10:23.477' AS DateTime), N'Admin', CAST(N'2023-12-15T13:10:23.477' AS DateTime))
GO
INSERT [dbo].[TET_Parameters] ([ID], [Type], [Item], [Seq], [IsEnable], [CreateUser], [CreateDate], [ModifyUser], [ModifyDate]) VALUES (N'ec937faf-2cff-410b-beae-3d5f2a798729', N'幣別', N'NTD', 1, 1, N'Admin', CAST(N'2023-12-15T13:10:23.477' AS DateTime), N'Admin', CAST(N'2023-12-15T13:10:23.477' AS DateTime))
GO
INSERT [dbo].[TET_Parameters] ([ID], [Type], [Item], [Seq], [IsEnable], [CreateUser], [CreateDate], [ModifyUser], [ModifyDate]) VALUES (N'da2dd339-8955-4583-933b-3da2d5057b37', N'交易子類別', N'裝機', 4, 1, N'Admin', CAST(N'2023-12-15T13:10:23.477' AS DateTime), N'Admin', CAST(N'2023-12-15T13:10:23.477' AS DateTime))
GO
INSERT [dbo].[TET_Parameters] ([ID], [Type], [Item], [Seq], [IsEnable], [CreateUser], [CreateDate], [ModifyUser], [ModifyDate]) VALUES (N'c4ebde0e-931d-4da9-aac6-3ff12738d3f1', N'BU', N'HR', 9, 1, N'Admin', CAST(N'2023-12-15T13:10:23.477' AS DateTime), N'Admin', CAST(N'2023-12-15T13:10:23.477' AS DateTime))
GO
INSERT [dbo].[TET_Parameters] ([ID], [Type], [Item], [Seq], [IsEnable], [CreateUser], [CreateDate], [ModifyUser], [ModifyDate]) VALUES (N'cfaa593b-60f4-4eb5-a5c3-4100bd96ef22', N'STQA Level', N'NA', 6, 1, N'Admin', CAST(N'2023-12-15T13:10:23.477' AS DateTime), N'Admin', CAST(N'2023-12-15T13:10:23.477' AS DateTime))
GO
INSERT [dbo].[TET_Parameters] ([ID], [Type], [Item], [Seq], [IsEnable], [CreateUser], [CreateDate], [ModifyUser], [ModifyDate]) VALUES (N'a3a62c31-97a5-4592-93fe-45dbb1b81b05', N'交易主類別', N'辦公室設備', 19, 1, N'Admin', CAST(N'2023-12-15T13:10:23.477' AS DateTime), N'Admin', CAST(N'2023-12-15T13:10:23.477' AS DateTime))
GO
INSERT [dbo].[TET_Parameters] ([ID], [Type], [Item], [Seq], [IsEnable], [CreateUser], [CreateDate], [ModifyUser], [ModifyDate]) VALUES (N'8813189c-a2c6-46b9-ab80-4740e5de0f61', N'交易主類別', N'環安衛勞務', 10, 1, N'Admin', CAST(N'2023-12-15T13:10:23.477' AS DateTime), N'Admin', CAST(N'2023-12-15T13:10:23.477' AS DateTime))
GO
INSERT [dbo].[TET_Parameters] ([ID], [Type], [Item], [Seq], [IsEnable], [CreateUser], [CreateDate], [ModifyUser], [ModifyDate]) VALUES (N'eb52da44-0111-429d-b28e-477e79b86d69', N'交易子類別', N'氣體', 7, 1, N'Admin', CAST(N'2023-12-15T13:10:23.477' AS DateTime), N'Admin', CAST(N'2023-12-15T13:10:23.477' AS DateTime))
GO
INSERT [dbo].[TET_Parameters] ([ID], [Type], [Item], [Seq], [IsEnable], [CreateUser], [CreateDate], [ModifyUser], [ModifyDate]) VALUES (N'5e418129-b106-428a-a401-483b5d2739d9', N'交易子類別', N'Wafer', 8, 1, N'Admin', CAST(N'2023-12-15T13:10:23.477' AS DateTime), N'Admin', CAST(N'2023-12-15T13:10:23.477' AS DateTime))
GO
INSERT [dbo].[TET_Parameters] ([ID], [Type], [Item], [Seq], [IsEnable], [CreateUser], [CreateDate], [ModifyUser], [ModifyDate]) VALUES (N'e200ddfd-8c46-4dd5-bfda-4887f6956972', N'交易主類別', N'其他', 9, 1, N'Admin', CAST(N'2023-12-15T13:10:23.477' AS DateTime), N'Admin', CAST(N'2023-12-15T13:10:23.477' AS DateTime))
GO
INSERT [dbo].[TET_Parameters] ([ID], [Type], [Item], [Seq], [IsEnable], [CreateUser], [CreateDate], [ModifyUser], [ModifyDate]) VALUES (N'd084f6f8-de16-4113-9736-4a63641b600e', N'付款條件', N'月結60天', 2, 1, N'Admin', CAST(N'2023-12-15T13:10:23.477' AS DateTime), N'Admin', CAST(N'2023-12-15T13:10:23.477' AS DateTime))
GO
INSERT [dbo].[TET_Parameters] ([ID], [Type], [Item], [Seq], [IsEnable], [CreateUser], [CreateDate], [ModifyUser], [ModifyDate]) VALUES (N'd95a69c1-3fe3-4d82-b2c1-4ba9dd098a68', N'交易主類別', N'軟體服務', 22, 1, N'Admin', CAST(N'2023-12-15T13:10:23.477' AS DateTime), N'Admin', CAST(N'2023-12-15T13:10:23.477' AS DateTime))
GO
INSERT [dbo].[TET_Parameters] ([ID], [Type], [Item], [Seq], [IsEnable], [CreateUser], [CreateDate], [ModifyUser], [ModifyDate]) VALUES (N'72499fce-307f-4f70-9c18-4e72196c3918', N'付款條件', N'月結90天', 3, 1, N'Admin', CAST(N'2023-12-15T13:10:23.477' AS DateTime), N'Admin', CAST(N'2023-12-15T13:10:23.477' AS DateTime))
GO
INSERT [dbo].[TET_Parameters] ([ID], [Type], [Item], [Seq], [IsEnable], [CreateUser], [CreateDate], [ModifyUser], [ModifyDate]) VALUES (N'410a9132-4783-409c-af4a-509e4e7e9f58', N'SPA服務對象', N'EHS', 3, 1, N'Admin', CAST(N'2023-12-15T13:10:23.477' AS DateTime), N'Admin', CAST(N'2023-12-15T13:10:23.477' AS DateTime))
GO
INSERT [dbo].[TET_Parameters] ([ID], [Type], [Item], [Seq], [IsEnable], [CreateUser], [CreateDate], [ModifyUser], [ModifyDate]) VALUES (N'a41646c0-4563-4ac2-bad2-510267c3b0d7', N'廠商類別', N'Other', 10, 1, N'Admin', CAST(N'2023-12-15T13:10:23.477' AS DateTime), N'Admin', CAST(N'2023-12-15T13:10:23.477' AS DateTime))
GO
INSERT [dbo].[TET_Parameters] ([ID], [Type], [Item], [Seq], [IsEnable], [CreateUser], [CreateDate], [ModifyUser], [ModifyDate]) VALUES (N'0688ca0e-6b0e-4331-a052-52cc45e930c4', N'交易主類別', N'硬體設備', 23, 1, N'Admin', CAST(N'2023-12-15T13:10:23.477' AS DateTime), N'Admin', CAST(N'2023-12-15T13:10:23.477' AS DateTime))
GO
INSERT [dbo].[TET_Parameters] ([ID], [Type], [Item], [Seq], [IsEnable], [CreateUser], [CreateDate], [ModifyUser], [ModifyDate]) VALUES (N'97a3d999-b8c2-4941-b2e2-5783ebae112c', N'交易主類別', N'維修', 4, 1, N'Admin', CAST(N'2023-12-15T13:10:23.477' AS DateTime), N'Admin', CAST(N'2023-12-15T13:10:23.477' AS DateTime))
GO
INSERT [dbo].[TET_Parameters] ([ID], [Type], [Item], [Seq], [IsEnable], [CreateUser], [CreateDate], [ModifyUser], [ModifyDate]) VALUES (N'88a8d020-39b9-4dca-9963-5c5998df7e77', N'交易子類別', N'FE', 2, 1, N'Admin', CAST(N'2023-12-15T13:10:23.477' AS DateTime), N'Admin', CAST(N'2023-12-15T13:10:23.477' AS DateTime))
GO
INSERT [dbo].[TET_Parameters] ([ID], [Type], [Item], [Seq], [IsEnable], [CreateUser], [CreateDate], [ModifyUser], [ModifyDate]) VALUES (N'35afb898-8c7c-4a30-bca6-5cfdf0ff69d1', N'SPA Level', N'Ⅱ', 2, 1, N'Admin', CAST(N'2023-12-15T13:10:23.477' AS DateTime), N'Admin', CAST(N'2023-12-15T13:10:23.477' AS DateTime))
GO
INSERT [dbo].[TET_Parameters] ([ID], [Type], [Item], [Seq], [IsEnable], [CreateUser], [CreateDate], [ModifyUser], [ModifyDate]) VALUES (N'51367e78-c5ec-4be7-82ed-5d58c36c656c', N'交易子類別', N'其他', 14, 1, N'Admin', CAST(N'2023-12-15T13:10:23.477' AS DateTime), N'Admin', CAST(N'2023-12-15T13:10:23.477' AS DateTime))
GO
INSERT [dbo].[TET_Parameters] ([ID], [Type], [Item], [Seq], [IsEnable], [CreateUser], [CreateDate], [ModifyUser], [ModifyDate]) VALUES (N'024adb7a-f462-4a63-a917-5e8308b6d51f', N'交易主類別', N'住宅租賃', 17, 1, N'Admin', CAST(N'2023-12-15T13:10:23.477' AS DateTime), N'Admin', CAST(N'2023-12-15T13:10:23.477' AS DateTime))
GO
INSERT [dbo].[TET_Parameters] ([ID], [Type], [Item], [Seq], [IsEnable], [CreateUser], [CreateDate], [ModifyUser], [ModifyDate]) VALUES (N'3163f59b-7fe4-4022-baed-5f9b4cb04d5b', N'交易主類別', N'辦公室勞務', 21, 1, N'Admin', CAST(N'2023-12-15T13:10:23.477' AS DateTime), N'Admin', CAST(N'2023-12-15T13:10:23.477' AS DateTime))
GO
INSERT [dbo].[TET_Parameters] ([ID], [Type], [Item], [Seq], [IsEnable], [CreateUser], [CreateDate], [ModifyUser], [ModifyDate]) VALUES (N'4c10ad2a-9190-4d6e-b31d-68157916d9cc', N'BU', N'PCR', 12, 1, N'Admin', CAST(N'2023-12-15T13:10:23.477' AS DateTime), N'Admin', CAST(N'2023-12-15T13:10:23.477' AS DateTime))
GO
INSERT [dbo].[TET_Parameters] ([ID], [Type], [Item], [Seq], [IsEnable], [CreateUser], [CreateDate], [ModifyUser], [ModifyDate]) VALUES (N'57af6d78-2cd4-4c24-9a7b-685e7a16d381', N'交易主類別', N'廠務設備', 15, 1, N'Admin', CAST(N'2023-12-15T13:10:23.477' AS DateTime), N'Admin', CAST(N'2023-12-15T13:10:23.477' AS DateTime))
GO
INSERT [dbo].[TET_Parameters] ([ID], [Type], [Item], [Seq], [IsEnable], [CreateUser], [CreateDate], [ModifyUser], [ModifyDate]) VALUES (N'e5e24f4b-7261-4d1f-98c1-6a6a96a98185', N'廠商類別', N'HR(人力資源)', 7, 1, N'Admin', CAST(N'2023-12-15T13:10:23.477' AS DateTime), N'Admin', CAST(N'2023-12-15T13:10:23.477' AS DateTime))
GO
INSERT [dbo].[TET_Parameters] ([ID], [Type], [Item], [Seq], [IsEnable], [CreateUser], [CreateDate], [ModifyUser], [ModifyDate]) VALUES (N'de34a371-b922-4566-b8be-6a7d5b22439a', N'交易主類別', N'國際運輸', 26, 1, N'Admin', CAST(N'2023-12-15T13:10:23.477' AS DateTime), N'Admin', CAST(N'2023-12-15T13:10:23.477' AS DateTime))
GO
INSERT [dbo].[TET_Parameters] ([ID], [Type], [Item], [Seq], [IsEnable], [CreateUser], [CreateDate], [ModifyUser], [ModifyDate]) VALUES (N'efd87bec-58d4-462b-828e-6cc40ac3ca8a', N'SPA Level', N'Ⅲ', 3, 1, N'Admin', CAST(N'2023-12-15T13:10:23.477' AS DateTime), N'Admin', CAST(N'2023-12-15T13:10:23.477' AS DateTime))
GO
INSERT [dbo].[TET_Parameters] ([ID], [Type], [Item], [Seq], [IsEnable], [CreateUser], [CreateDate], [ModifyUser], [ModifyDate]) VALUES (N'2cf3b396-1667-4eae-a7b4-6cea9a7937ad', N'SPA評鑑項目', N'PM', 5, 1, N'Admin', CAST(N'2023-12-15T13:10:23.477' AS DateTime), N'Admin', CAST(N'2023-12-15T13:10:23.477' AS DateTime))
GO
INSERT [dbo].[TET_Parameters] ([ID], [Type], [Item], [Seq], [IsEnable], [CreateUser], [CreateDate], [ModifyUser], [ModifyDate]) VALUES (N'cfc15d5e-8783-4fb3-83f3-6f052c9f0a69', N'請款憑證', N'收據', 3, 1, N'Admin', CAST(N'2023-12-15T13:10:23.477' AS DateTime), N'Admin', CAST(N'2023-12-15T13:10:23.477' AS DateTime))
GO
INSERT [dbo].[TET_Parameters] ([ID], [Type], [Item], [Seq], [IsEnable], [CreateUser], [CreateDate], [ModifyUser], [ModifyDate]) VALUES (N'd44982ed-3835-40f6-b422-6fa4e717f822', N'交易子類別', N'材料分析', 13, 1, N'Admin', CAST(N'2023-12-15T13:10:23.477' AS DateTime), N'Admin', CAST(N'2023-12-15T13:10:23.477' AS DateTime))
GO
INSERT [dbo].[TET_Parameters] ([ID], [Type], [Item], [Seq], [IsEnable], [CreateUser], [CreateDate], [ModifyUser], [ModifyDate]) VALUES (N'bd16eb6d-685f-4690-b246-708c19cea439', N'交易主類別', N'保險', 30, 1, N'Admin', CAST(N'2023-12-15T13:10:23.477' AS DateTime), N'Admin', CAST(N'2023-12-15T13:10:23.477' AS DateTime))
GO
INSERT [dbo].[TET_Parameters] ([ID], [Type], [Item], [Seq], [IsEnable], [CreateUser], [CreateDate], [ModifyUser], [ModifyDate]) VALUES (N'6d333afe-a92d-46d8-aa36-71df19c7301b', N'SPA評鑑單位', N'DSS', 2, 1, N'Admin', CAST(N'2023-12-15T13:10:23.477' AS DateTime), N'Admin', CAST(N'2023-12-15T13:10:23.477' AS DateTime))
GO
INSERT [dbo].[TET_Parameters] ([ID], [Type], [Item], [Seq], [IsEnable], [CreateUser], [CreateDate], [ModifyUser], [ModifyDate]) VALUES (N'b47f5f71-c0de-4fab-9e76-74f175a8270e', N'STQA方式', N'Type 2: 廠商自評 Self Assessment', 2, 1, N'Admin', CAST(N'2023-12-15T13:10:23.477' AS DateTime), N'Admin', CAST(N'2023-12-15T13:10:23.477' AS DateTime))
GO
INSERT [dbo].[TET_Parameters] ([ID], [Type], [Item], [Seq], [IsEnable], [CreateUser], [CreateDate], [ModifyUser], [ModifyDate]) VALUES (N'49941fe3-223c-447b-8a35-78f0a4cb411c', N'交易主類別', N'測試', 6, 1, N'Admin', CAST(N'2023-12-15T13:10:23.477' AS DateTime), N'Admin', CAST(N'2023-12-15T13:10:23.477' AS DateTime))
GO
INSERT [dbo].[TET_Parameters] ([ID], [Type], [Item], [Seq], [IsEnable], [CreateUser], [CreateDate], [ModifyUser], [ModifyDate]) VALUES (N'd30f415e-472a-455a-94d5-7ab76ffcb58a', N'BU', N'TFF', 14, 1, N'Admin', CAST(N'2023-12-15T13:10:23.477' AS DateTime), N'Admin', CAST(N'2023-12-15T13:10:23.477' AS DateTime))
GO
INSERT [dbo].[TET_Parameters] ([ID], [Type], [Item], [Seq], [IsEnable], [CreateUser], [CreateDate], [ModifyUser], [ModifyDate]) VALUES (N'48be64f4-3bbd-44d1-91e9-7c61eb842aa0', N'請款憑證', N'5%稅發票', 1, 1, N'Admin', CAST(N'2023-12-15T13:10:23.477' AS DateTime), N'Admin', CAST(N'2023-12-15T13:10:23.477' AS DateTime))
GO
INSERT [dbo].[TET_Parameters] ([ID], [Type], [Item], [Seq], [IsEnable], [CreateUser], [CreateDate], [ModifyUser], [ModifyDate]) VALUES (N'ce2a106d-eed6-4555-a478-7cae6168da7a', N'SPA Level', N'Ⅳ', 4, 1, N'Admin', CAST(N'2023-12-15T13:10:23.477' AS DateTime), N'Admin', CAST(N'2023-12-15T13:10:23.477' AS DateTime))
GO
INSERT [dbo].[TET_Parameters] ([ID], [Type], [Item], [Seq], [IsEnable], [CreateUser], [CreateDate], [ModifyUser], [ModifyDate]) VALUES (N'4a9d0a11-6168-47f0-8943-7f6d665a5359', N'交易主類別', N'IT 勞務', 25, 1, N'Admin', CAST(N'2023-12-15T13:10:23.477' AS DateTime), N'Admin', CAST(N'2023-12-15T13:10:23.477' AS DateTime))
GO
INSERT [dbo].[TET_Parameters] ([ID], [Type], [Item], [Seq], [IsEnable], [CreateUser], [CreateDate], [ModifyUser], [ModifyDate]) VALUES (N'100183e7-007b-4f11-b3c5-836bbbd169f1', N'幣別', N'USD', 3, 1, N'Admin', CAST(N'2023-12-15T13:10:23.477' AS DateTime), N'Admin', CAST(N'2023-12-15T13:10:23.477' AS DateTime))
GO
INSERT [dbo].[TET_Parameters] ([ID], [Type], [Item], [Seq], [IsEnable], [CreateUser], [CreateDate], [ModifyUser], [ModifyDate]) VALUES (N'147ec82a-7d81-4899-a081-8378913b89e7', N'交易主類別', N'國內運輸', 27, 1, N'Admin', CAST(N'2023-12-15T13:10:23.477' AS DateTime), N'Admin', CAST(N'2023-12-15T13:10:23.477' AS DateTime))
GO
INSERT [dbo].[TET_Parameters] ([ID], [Type], [Item], [Seq], [IsEnable], [CreateUser], [CreateDate], [ModifyUser], [ModifyDate]) VALUES (N'733607c4-d28f-4a5d-bc34-83d7db1ead45', N'交易主類別', N'電腦周邊', 24, 1, N'Admin', CAST(N'2023-12-15T13:10:23.477' AS DateTime), N'Admin', CAST(N'2023-12-15T13:10:23.477' AS DateTime))
GO
INSERT [dbo].[TET_Parameters] ([ID], [Type], [Item], [Seq], [IsEnable], [CreateUser], [CreateDate], [ModifyUser], [ModifyDate]) VALUES (N'53c0e08f-5bbd-4ad0-bb8c-8458f4d9797c', N'BU', N'SRI', 13, 1, N'Admin', CAST(N'2023-12-15T13:10:23.477' AS DateTime), N'Admin', CAST(N'2023-12-15T13:10:23.477' AS DateTime))
GO
INSERT [dbo].[TET_Parameters] ([ID], [Type], [Item], [Seq], [IsEnable], [CreateUser], [CreateDate], [ModifyUser], [ModifyDate]) VALUES (N'2149c53b-92ce-4b7b-ba0c-8677e322c99b', N'交易子類別', N'軟體設計', 15, 1, N'Admin', CAST(N'2023-12-15T13:10:23.477' AS DateTime), N'Admin', CAST(N'2023-12-15T13:10:23.477' AS DateTime))
GO
INSERT [dbo].[TET_Parameters] ([ID], [Type], [Item], [Seq], [IsEnable], [CreateUser], [CreateDate], [ModifyUser], [ModifyDate]) VALUES (N'a7714aa6-e79a-4ed8-a2a5-885af5c3b221', N'SPA評鑑項目', N'Modification', 3, 1, N'Admin', CAST(N'2023-12-15T13:10:23.477' AS DateTime), N'Admin', CAST(N'2023-12-15T13:10:23.477' AS DateTime))
GO
INSERT [dbo].[TET_Parameters] ([ID], [Type], [Item], [Seq], [IsEnable], [CreateUser], [CreateDate], [ModifyUser], [ModifyDate]) VALUES (N'5a474c10-f5ba-4329-a20d-8c83645fe030', N'交易主類別', N'醫療', 31, 1, N'Admin', CAST(N'2023-12-15T13:10:23.477' AS DateTime), N'Admin', CAST(N'2023-12-15T13:10:23.477' AS DateTime))
GO
INSERT [dbo].[TET_Parameters] ([ID], [Type], [Item], [Seq], [IsEnable], [CreateUser], [CreateDate], [ModifyUser], [ModifyDate]) VALUES (N'e8ef0c00-ebd0-4e49-b4a5-8d62b3524944', N'SPA評鑑項目', N'Safety', 8, 1, N'Admin', CAST(N'2023-12-15T13:10:23.477' AS DateTime), N'Admin', CAST(N'2023-12-15T13:10:23.477' AS DateTime))
GO
INSERT [dbo].[TET_Parameters] ([ID], [Type], [Item], [Seq], [IsEnable], [CreateUser], [CreateDate], [ModifyUser], [ModifyDate]) VALUES (N'54dc4ab8-837f-41cc-aea3-8e8510d3b9a2', N'國家別', N'台灣', 1, 1, N'Admin', CAST(N'2023-12-15T13:10:23.477' AS DateTime), N'Admin', CAST(N'2023-12-15T13:10:23.477' AS DateTime))
GO
INSERT [dbo].[TET_Parameters] ([ID], [Type], [Item], [Seq], [IsEnable], [CreateUser], [CreateDate], [ModifyUser], [ModifyDate]) VALUES (N'4122c4bb-2a45-4419-9b69-8ec46d4c7e74', N'SPA Level', N'Ⅴ', 5, 1, N'Admin', CAST(N'2023-12-15T13:10:23.477' AS DateTime), N'Admin', CAST(N'2023-12-15T13:10:23.477' AS DateTime))
GO
INSERT [dbo].[TET_Parameters] ([ID], [Type], [Item], [Seq], [IsEnable], [CreateUser], [CreateDate], [ModifyUser], [ModifyDate]) VALUES (N'2359bbd8-e748-4912-8c6b-9039c17e4524', N'SPA服務對象', N'TFF_TPS', 6, 1, N'Admin', CAST(N'2023-12-15T13:10:23.477' AS DateTime), N'Admin', CAST(N'2023-12-15T13:10:23.477' AS DateTime))
GO
INSERT [dbo].[TET_Parameters] ([ID], [Type], [Item], [Seq], [IsEnable], [CreateUser], [CreateDate], [ModifyUser], [ModifyDate]) VALUES (N'1a91a9ad-4bb6-445c-9cec-90d7832b1e0e', N'廠商類別', N'總務相關', 4, 1, N'Admin', CAST(N'2023-12-15T13:10:23.477' AS DateTime), N'Admin', CAST(N'2023-12-15T13:10:23.477' AS DateTime))
GO
INSERT [dbo].[TET_Parameters] ([ID], [Type], [Item], [Seq], [IsEnable], [CreateUser], [CreateDate], [ModifyUser], [ModifyDate]) VALUES (N'e3cbdc8f-c81a-42e1-b82f-928a6e246c25', N'交易主類別', N'設備', 8, 1, N'Admin', CAST(N'2023-12-15T13:10:23.477' AS DateTime), N'Admin', CAST(N'2023-12-15T13:10:23.477' AS DateTime))
GO
INSERT [dbo].[TET_Parameters] ([ID], [Type], [Item], [Seq], [IsEnable], [CreateUser], [CreateDate], [ModifyUser], [ModifyDate]) VALUES (N'3da14b76-e5b4-4612-964e-945144a3763c', N'交易子類別', N'化學品', 9, 1, N'Admin', CAST(N'2023-12-15T13:10:23.477' AS DateTime), N'Admin', CAST(N'2023-12-15T13:10:23.477' AS DateTime))
GO
INSERT [dbo].[TET_Parameters] ([ID], [Type], [Item], [Seq], [IsEnable], [CreateUser], [CreateDate], [ModifyUser], [ModifyDate]) VALUES (N'94fcf409-c09d-40ed-94eb-9689e4a4838d', N'SPA評鑑單位', N'EHS', 6, 1, N'Admin', CAST(N'2023-12-15T13:10:23.477' AS DateTime), N'Admin', CAST(N'2023-12-15T13:10:23.477' AS DateTime))
GO
INSERT [dbo].[TET_Parameters] ([ID], [Type], [Item], [Seq], [IsEnable], [CreateUser], [CreateDate], [ModifyUser], [ModifyDate]) VALUES (N'5a5803e2-7fce-4f48-b7b6-97c035346935', N'交易主類別', N'材料', 2, 1, N'Admin', CAST(N'2023-12-15T13:10:23.477' AS DateTime), N'Admin', CAST(N'2023-12-15T13:10:23.477' AS DateTime))
GO
INSERT [dbo].[TET_Parameters] ([ID], [Type], [Item], [Seq], [IsEnable], [CreateUser], [CreateDate], [ModifyUser], [ModifyDate]) VALUES (N'b24d0a05-650c-40a2-b0d1-982708c5baf1', N'SPA評鑑項目', N'Others', 4, 1, N'Admin', CAST(N'2023-12-15T13:10:23.477' AS DateTime), N'Admin', CAST(N'2023-12-15T13:10:23.477' AS DateTime))
GO
INSERT [dbo].[TET_Parameters] ([ID], [Type], [Item], [Seq], [IsEnable], [CreateUser], [CreateDate], [ModifyUser], [ModifyDate]) VALUES (N'da9c8bb4-cce8-4cac-8091-9913ba31893f', N'SPA服務對象', N'CT', 1, 1, N'Admin', CAST(N'2023-12-15T13:10:23.477' AS DateTime), N'Admin', CAST(N'2023-12-15T13:10:23.477' AS DateTime))
GO
INSERT [dbo].[TET_Parameters] ([ID], [Type], [Item], [Seq], [IsEnable], [CreateUser], [CreateDate], [ModifyUser], [ModifyDate]) VALUES (N'ec8a36a4-74c1-4c0e-aaa0-9ace218ea1c5', N'廠商類別', N'LOG(資材相關)', 6, 1, N'Admin', CAST(N'2023-12-15T13:10:23.477' AS DateTime), N'Admin', CAST(N'2023-12-15T13:10:23.477' AS DateTime))
GO
INSERT [dbo].[TET_Parameters] ([ID], [Type], [Item], [Seq], [IsEnable], [CreateUser], [CreateDate], [ModifyUser], [ModifyDate]) VALUES (N'4a6a8fff-ad7f-4d53-98d7-9ec46313c4f8', N'付款條件', N'月結30天', 1, 1, N'Admin', CAST(N'2023-12-15T13:10:23.477' AS DateTime), N'Admin', CAST(N'2023-12-15T13:10:23.477' AS DateTime))
GO
INSERT [dbo].[TET_Parameters] ([ID], [Type], [Item], [Seq], [IsEnable], [CreateUser], [CreateDate], [ModifyUser], [ModifyDate]) VALUES (N'0722caca-2b2a-4a07-be6b-a04b6f39c220', N'SPA評鑑單位', N'CT', 1, 1, N'Admin', CAST(N'2023-12-15T13:10:23.477' AS DateTime), N'Admin', CAST(N'2023-12-15T13:10:23.477' AS DateTime))
GO
INSERT [dbo].[TET_Parameters] ([ID], [Type], [Item], [Seq], [IsEnable], [CreateUser], [CreateDate], [ModifyUser], [ModifyDate]) VALUES (N'84d7dea7-a73e-4f22-844f-a33e4c9e459a', N'BU', N'IS', 10, 1, N'Admin', CAST(N'2023-12-15T13:10:23.477' AS DateTime), N'Admin', CAST(N'2023-12-15T13:10:23.477' AS DateTime))
GO
INSERT [dbo].[TET_Parameters] ([ID], [Type], [Item], [Seq], [IsEnable], [CreateUser], [CreateDate], [ModifyUser], [ModifyDate]) VALUES (N'165bd814-cf82-4131-8ffe-a4250a1ec0fb', N'BU', N'DSS', 4, 1, N'Admin', CAST(N'2023-12-15T13:10:23.477' AS DateTime), N'Admin', CAST(N'2023-12-15T13:10:23.477' AS DateTime))
GO
INSERT [dbo].[TET_Parameters] ([ID], [Type], [Item], [Seq], [IsEnable], [CreateUser], [CreateDate], [ModifyUser], [ModifyDate]) VALUES (N'579e1d41-db68-4958-a16d-a453ae7a50d7', N'STQA理由', N'臨時 Emergency', 3, 1, N'Admin', CAST(N'2023-12-15T13:10:23.477' AS DateTime), N'Admin', CAST(N'2023-12-15T13:10:23.477' AS DateTime))
GO
INSERT [dbo].[TET_Parameters] ([ID], [Type], [Item], [Seq], [IsEnable], [CreateUser], [CreateDate], [ModifyUser], [ModifyDate]) VALUES (N'2d3b1968-1d03-49c2-a213-a5b4d77f364b', N'SPA評鑑項目', N'Used Startup', 9, 1, N'Admin', CAST(N'2023-12-15T13:10:23.477' AS DateTime), N'Admin', CAST(N'2023-12-15T13:10:23.477' AS DateTime))
GO
INSERT [dbo].[TET_Parameters] ([ID], [Type], [Item], [Seq], [IsEnable], [CreateUser], [CreateDate], [ModifyUser], [ModifyDate]) VALUES (N'53b86793-7446-490f-801c-a683c9d9a624', N'SPA評鑑單位', N'DSS_PP', 4, 1, N'Admin', CAST(N'2023-12-15T13:10:23.477' AS DateTime), N'Admin', CAST(N'2023-12-15T13:10:23.477' AS DateTime))
GO
INSERT [dbo].[TET_Parameters] ([ID], [Type], [Item], [Seq], [IsEnable], [CreateUser], [CreateDate], [ModifyUser], [ModifyDate]) VALUES (N'c52d6293-215a-4ed1-af10-a6ac1bd9dd11', N'BU', N'ESS', 6, 1, N'Admin', CAST(N'2023-12-15T13:10:23.477' AS DateTime), N'Admin', CAST(N'2023-12-15T13:10:23.477' AS DateTime))
GO
INSERT [dbo].[TET_Parameters] ([ID], [Type], [Item], [Seq], [IsEnable], [CreateUser], [CreateDate], [ModifyUser], [ModifyDate]) VALUES (N'4475dced-2d13-4900-98ae-aad3a5d9a646', N'交易主類別', N'膳食', 20, 1, N'Admin', CAST(N'2023-12-15T13:10:23.477' AS DateTime), N'Admin', CAST(N'2023-12-15T13:10:23.477' AS DateTime))
GO
INSERT [dbo].[TET_Parameters] ([ID], [Type], [Item], [Seq], [IsEnable], [CreateUser], [CreateDate], [ModifyUser], [ModifyDate]) VALUES (N'c39ce65c-c41e-4edc-b10e-adf081ca6564', N'廠商類別', N'LEGAL(法律相關)', 8, 1, N'Admin', CAST(N'2023-12-15T13:10:23.477' AS DateTime), N'Admin', CAST(N'2023-12-15T13:10:23.477' AS DateTime))
GO
INSERT [dbo].[TET_Parameters] ([ID], [Type], [Item], [Seq], [IsEnable], [CreateUser], [CreateDate], [ModifyUser], [ModifyDate]) VALUES (N'97a3bf19-5b27-4a75-9b14-b334e0db41be', N'SPA評鑑項目', N'FE', 2, 1, N'Admin', CAST(N'2023-12-15T13:10:23.477' AS DateTime), N'Admin', CAST(N'2023-12-15T13:10:23.477' AS DateTime))
GO
INSERT [dbo].[TET_Parameters] ([ID], [Type], [Item], [Seq], [IsEnable], [CreateUser], [CreateDate], [ModifyUser], [ModifyDate]) VALUES (N'aa91a69e-96b4-4854-b288-b62e65a3ec90', N'BU', N'EHS', 5, 1, N'Admin', CAST(N'2023-12-15T13:10:23.477' AS DateTime), N'Admin', CAST(N'2023-12-15T13:10:23.477' AS DateTime))
GO
INSERT [dbo].[TET_Parameters] ([ID], [Type], [Item], [Seq], [IsEnable], [CreateUser], [CreateDate], [ModifyUser], [ModifyDate]) VALUES (N'62d3e343-0d0c-4a48-aae0-b6a5ca2cc752', N'廠商類別', N'Building / Facility', 3, 1, N'Admin', CAST(N'2023-12-15T13:10:23.477' AS DateTime), N'Admin', CAST(N'2023-12-15T13:10:23.477' AS DateTime))
GO
INSERT [dbo].[TET_Parameters] ([ID], [Type], [Item], [Seq], [IsEnable], [CreateUser], [CreateDate], [ModifyUser], [ModifyDate]) VALUES (N'4b222a63-d956-4efe-9c4f-b6db3982e32e', N'STQA Level', N'Ⅳ', 4, 1, N'Admin', CAST(N'2023-12-15T13:10:23.477' AS DateTime), N'Admin', CAST(N'2023-12-15T13:10:23.477' AS DateTime))
GO
INSERT [dbo].[TET_Parameters] ([ID], [Type], [Item], [Seq], [IsEnable], [CreateUser], [CreateDate], [ModifyUser], [ModifyDate]) VALUES (N'0782e61a-3539-4082-9f86-bc22d11d777f', N'交易子類別', N'校正', 12, 1, N'Admin', CAST(N'2023-12-15T13:10:23.477' AS DateTime), N'Admin', CAST(N'2023-12-15T13:10:23.477' AS DateTime))
GO
INSERT [dbo].[TET_Parameters] ([ID], [Type], [Item], [Seq], [IsEnable], [CreateUser], [CreateDate], [ModifyUser], [ModifyDate]) VALUES (N'4a7b66d4-530f-4fae-9694-bc556dbf91be', N'STQA業務類別', N'代理商/分公司 Agent/Branch', 5, 1, N'Admin', CAST(N'2023-12-15T13:10:23.477' AS DateTime), N'Admin', CAST(N'2023-12-15T13:10:23.477' AS DateTime))
GO
INSERT [dbo].[TET_Parameters] ([ID], [Type], [Item], [Seq], [IsEnable], [CreateUser], [CreateDate], [ModifyUser], [ModifyDate]) VALUES (N'a7c76326-cc3d-443e-87cc-bced0ee9c18f', N'STQA Level', N'Ⅱ', 2, 1, N'Admin', CAST(N'2023-12-15T13:10:23.477' AS DateTime), N'Admin', CAST(N'2023-12-15T13:10:23.477' AS DateTime))
GO
INSERT [dbo].[TET_Parameters] ([ID], [Type], [Item], [Seq], [IsEnable], [CreateUser], [CreateDate], [ModifyUser], [ModifyDate]) VALUES (N'968febee-4a20-4c89-8710-bdc94809839b', N'廠商類別', N'IS(IT資源)', 5, 1, N'Admin', CAST(N'2023-12-15T13:10:23.477' AS DateTime), N'Admin', CAST(N'2023-12-15T13:10:23.477' AS DateTime))
GO
INSERT [dbo].[TET_Parameters] ([ID], [Type], [Item], [Seq], [IsEnable], [CreateUser], [CreateDate], [ModifyUser], [ModifyDate]) VALUES (N'e88e66ee-b7dd-4543-85a3-be2143254148', N'SPA評鑑項目', N'Startup', 7, 1, N'Admin', CAST(N'2023-12-15T13:10:23.477' AS DateTime), N'Admin', CAST(N'2023-12-15T13:10:23.477' AS DateTime))
GO
INSERT [dbo].[TET_Parameters] ([ID], [Type], [Item], [Seq], [IsEnable], [CreateUser], [CreateDate], [ModifyUser], [ModifyDate]) VALUES (N'd0fd2cd8-cdbb-4a03-859c-c4151b81ee22', N'BU', N'CT', 3, 1, N'Admin', CAST(N'2023-12-15T13:10:23.477' AS DateTime), N'Admin', CAST(N'2023-12-15T13:10:23.477' AS DateTime))
GO
INSERT [dbo].[TET_Parameters] ([ID], [Type], [Item], [Seq], [IsEnable], [CreateUser], [CreateDate], [ModifyUser], [ModifyDate]) VALUES (N'f8ed1505-c658-42a0-b797-c66f53350f1a', N'SPA評鑑單位', N'TFF_TPS', 9, 1, N'Admin', CAST(N'2023-12-15T13:10:23.477' AS DateTime), N'Admin', CAST(N'2023-12-15T13:10:23.477' AS DateTime))
GO
INSERT [dbo].[TET_Parameters] ([ID], [Type], [Item], [Seq], [IsEnable], [CreateUser], [CreateDate], [ModifyUser], [ModifyDate]) VALUES (N'67c4098f-24ff-442b-ab7c-c6c0661b5dd1', N'交易主類別', N'廠務保養維修', 14, 1, N'Admin', CAST(N'2023-12-15T13:10:23.477' AS DateTime), N'Admin', CAST(N'2023-12-15T13:10:23.477' AS DateTime))
GO
INSERT [dbo].[TET_Parameters] ([ID], [Type], [Item], [Seq], [IsEnable], [CreateUser], [CreateDate], [ModifyUser], [ModifyDate]) VALUES (N'6b1f8166-581f-4a19-a6f8-c7f3d97d2c06', N'廠商類別', N'TET Business related', 1, 1, N'Admin', CAST(N'2023-12-15T13:10:23.477' AS DateTime), N'Admin', CAST(N'2023-12-15T13:10:23.477' AS DateTime))
GO
INSERT [dbo].[TET_Parameters] ([ID], [Type], [Item], [Seq], [IsEnable], [CreateUser], [CreateDate], [ModifyUser], [ModifyDate]) VALUES (N'48b2e27c-77b4-40e1-84d1-c82f03909a80', N'交易主類別', N'差旅', 33, 1, N'Admin', CAST(N'2023-12-15T13:10:23.477' AS DateTime), N'Admin', CAST(N'2023-12-15T13:10:23.477' AS DateTime))
GO
INSERT [dbo].[TET_Parameters] ([ID], [Type], [Item], [Seq], [IsEnable], [CreateUser], [CreateDate], [ModifyUser], [ModifyDate]) VALUES (N'1645915f-88c7-4f5a-886d-ca914892ad1b', N'交易主類別', N'環境檢測', 11, 1, N'Admin', CAST(N'2023-12-15T13:10:23.477' AS DateTime), N'Admin', CAST(N'2023-12-15T13:10:23.477' AS DateTime))
GO
INSERT [dbo].[TET_Parameters] ([ID], [Type], [Item], [Seq], [IsEnable], [CreateUser], [CreateDate], [ModifyUser], [ModifyDate]) VALUES (N'8b8aa4f9-6d8e-423d-9169-d0c3c9f19f15', N'交易條件', N'DDP', 1, 1, N'Admin', CAST(N'2023-12-15T13:10:23.477' AS DateTime), N'Admin', CAST(N'2023-12-15T13:10:23.477' AS DateTime))
GO
INSERT [dbo].[TET_Parameters] ([ID], [Type], [Item], [Seq], [IsEnable], [CreateUser], [CreateDate], [ModifyUser], [ModifyDate]) VALUES (N'a8644506-e908-4642-9b7b-d2f792e677cc', N'交易條件', N'EXWORK', 3, 1, N'Admin', CAST(N'2023-12-15T13:10:23.477' AS DateTime), N'Admin', CAST(N'2023-12-15T13:10:23.477' AS DateTime))
GO
INSERT [dbo].[TET_Parameters] ([ID], [Type], [Item], [Seq], [IsEnable], [CreateUser], [CreateDate], [ModifyUser], [ModifyDate]) VALUES (N'c3aa5df9-8ae9-45ea-999f-d3a4b491396b', N'交易主類別', N'耗材', 12, 1, N'Admin', CAST(N'2023-12-15T13:10:23.477' AS DateTime), N'Admin', CAST(N'2023-12-15T13:10:23.477' AS DateTime))
GO
INSERT [dbo].[TET_Parameters] ([ID], [Type], [Item], [Seq], [IsEnable], [CreateUser], [CreateDate], [ModifyUser], [ModifyDate]) VALUES (N'f7e116ef-bdce-4f87-bf64-d4f8e93499ac', N'SPA服務對象', N'TFF_SD', 5, 1, N'Admin', CAST(N'2023-12-15T13:10:23.477' AS DateTime), N'Admin', CAST(N'2023-12-15T13:10:23.477' AS DateTime))
GO
INSERT [dbo].[TET_Parameters] ([ID], [Type], [Item], [Seq], [IsEnable], [CreateUser], [CreateDate], [ModifyUser], [ModifyDate]) VALUES (N'a685d740-ce8f-4dd7-ad03-d796b14e6d1f', N'BU', N'Account', 1, 1, N'Admin', CAST(N'2023-12-15T13:10:23.477' AS DateTime), N'Admin', CAST(N'2023-12-15T13:10:23.477' AS DateTime))
GO
INSERT [dbo].[TET_Parameters] ([ID], [Type], [Item], [Seq], [IsEnable], [CreateUser], [CreateDate], [ModifyUser], [ModifyDate]) VALUES (N'a3c96dc7-9a85-43a4-9eec-d7b9865ffd1e', N'BU', N'ES', 7, 1, N'Admin', CAST(N'2023-12-15T13:10:23.477' AS DateTime), N'Admin', CAST(N'2023-12-15T13:10:23.477' AS DateTime))
GO
INSERT [dbo].[TET_Parameters] ([ID], [Type], [Item], [Seq], [IsEnable], [CreateUser], [CreateDate], [ModifyUser], [ModifyDate]) VALUES (N'346aa3b0-ec33-4bab-9bce-d7ce91266092', N'STQA業務類別', N'維修勞務 Repair Labor', 2, 1, N'Admin', CAST(N'2023-12-15T13:10:23.477' AS DateTime), N'Admin', CAST(N'2023-12-15T13:10:23.477' AS DateTime))
GO
INSERT [dbo].[TET_Parameters] ([ID], [Type], [Item], [Seq], [IsEnable], [CreateUser], [CreateDate], [ModifyUser], [ModifyDate]) VALUES (N'9e7b4bee-4fc5-4d10-ab4e-da125d090118', N'交易主類別', N'零件', 3, 1, N'Admin', CAST(N'2023-12-15T13:10:23.477' AS DateTime), N'Admin', CAST(N'2023-12-15T13:10:23.477' AS DateTime))
GO
INSERT [dbo].[TET_Parameters] ([ID], [Type], [Item], [Seq], [IsEnable], [CreateUser], [CreateDate], [ModifyUser], [ModifyDate]) VALUES (N'10793101-98bb-43f2-a840-e187f8746ed0', N'請款憑證', N'Commercial Invoice ', 4, 1, N'Admin', CAST(N'2023-12-15T13:10:23.477' AS DateTime), N'Admin', CAST(N'2023-12-15T13:10:23.477' AS DateTime))
GO
INSERT [dbo].[TET_Parameters] ([ID], [Type], [Item], [Seq], [IsEnable], [CreateUser], [CreateDate], [ModifyUser], [ModifyDate]) VALUES (N'39aede2b-8101-405c-bf79-ee306e054a58', N'交易主類別', N'人力資源', 29, 1, N'Admin', CAST(N'2023-12-15T13:10:23.477' AS DateTime), N'Admin', CAST(N'2023-12-15T13:10:23.477' AS DateTime))
GO
INSERT [dbo].[TET_Parameters] ([ID], [Type], [Item], [Seq], [IsEnable], [CreateUser], [CreateDate], [ModifyUser], [ModifyDate]) VALUES (N'e18a7b17-e822-454f-9a2c-fe4d180a31b0', N'交易子類別', N'翻譯', 3, 1, N'Admin', CAST(N'2023-12-15T13:10:23.477' AS DateTime), N'Admin', CAST(N'2023-12-15T13:10:23.477' AS DateTime))
GO
INSERT [dbo].[TET_Parameters] ([ID], [Type], [Item], [Seq], [IsEnable], [CreateUser], [CreateDate], [ModifyUser], [ModifyDate]) VALUES (N'5f9d03ea-8c08-4f52-a427-fea7db959a06', N'交易子類別', N'Trouble Shooting', 1, 1, N'Admin', CAST(N'2023-12-15T13:10:23.477' AS DateTime), N'Admin', CAST(N'2023-12-15T13:10:23.477' AS DateTime))
GO
INSERT [dbo].[TET_Supplier] ([ID], [IsSecret], [IsNDA], [ApplyReason], [BelongTo], [VenderCode], [SupplierCategory], [BusinessCategory], [BusinessAttribute], [SearchKey], [RelatedDept], [Buyer], [RegisterDate], [CName], [EName], [Country], [TaxNo], [Address], [OfficeTel], [ISO], [Email], [Website], [CapitalAmount], [MainProduct], [Employees], [Charge], [PaymentTerm], [BillingDocument], [Incoterms], [Remark], [BankCountry], [BankName], [BankCode], [BankBranchName], [BankBranchCode], [Currency], [BankAccountName], [BankAccountNo], [CompanyCity], [BankAddress], [SwiftCode], [NDANo], [Contract], [IsSign1], [SignDate1], [IsSign2], [SignDate2], [STQAApplication], [KeySupplier], [Version], [RevisionType], [IsLastVersion], [ApproveStatus], [CreateUser], [CreateDate], [ModifyUser], [ModifyDate]) VALUES (N'0e64b4a5-779c-460a-8d26-29471a145db2', N'NO', N'NO', N'321', NULL, N'', N'["EHS","Building / Facility"]', N'["材料","零件"]', N'["FE","翻譯"]', NULL, NULL, NULL, CAST(N'2024-01-26' AS Date), N'供應商名稱', N'EG Name', N'日本', N'1', N'5', N'10', N'6', N'7', N'8', N'2', N'3', N'9', N'4', N'月結30天', N'5%稅發票', N'DDP', N'321', N'台灣', N'11', N'15', N'12', N'台灣', N'NTD', N'13', N'14', N'17', N'19', N'18', N'', NULL, NULL, NULL, NULL, NULL, NULL, NULL, 0, NULL, N'N', NULL, N'00004', CAST(N'2024-01-26T00:51:55.040' AS DateTime), N'00004', CAST(N'2024-01-26T00:51:55.040' AS DateTime))
GO
INSERT [dbo].[TET_Supplier] ([ID], [IsSecret], [IsNDA], [ApplyReason], [BelongTo], [VenderCode], [SupplierCategory], [BusinessCategory], [BusinessAttribute], [SearchKey], [RelatedDept], [Buyer], [RegisterDate], [CName], [EName], [Country], [TaxNo], [Address], [OfficeTel], [ISO], [Email], [Website], [CapitalAmount], [MainProduct], [Employees], [Charge], [PaymentTerm], [BillingDocument], [Incoterms], [Remark], [BankCountry], [BankName], [BankCode], [BankBranchName], [BankBranchCode], [Currency], [BankAccountName], [BankAccountNo], [CompanyCity], [BankAddress], [SwiftCode], [NDANo], [Contract], [IsSign1], [SignDate1], [IsSign2], [SignDate2], [STQAApplication], [KeySupplier], [Version], [RevisionType], [IsLastVersion], [ApproveStatus], [CreateUser], [CreateDate], [ModifyUser], [ModifyDate]) VALUES (N'ec4f74a7-bb21-448c-aa26-5c986047460c', N'YES', N'YES', N'123', N'123', N'123', N'["EHS"]', N'["零件"]', N'["裝機"]', N'', N'["ES"]', N'', CAST(N'2024-01-16' AS Date), N'供應商名稱', N'EG Name', N'日本', N'1', N'5', N'10', N'6', N'7', N'8', N'2', N'3', N'9', N'4', N'月結30天', N'免稅發票', N'DDP', N'123', N'台灣', N'11', N'15', N'12', N'台灣', N'NTD', N'13', N'14', N'17', N'19', N'18', N'123', N'', N'', NULL, N'', NULL, N'YES', N'', 0, NULL, N'Y', N'已完成', N'00003', CAST(N'2024-01-16T14:22:03.983' AS DateTime), N'00009', CAST(N'2024-01-16T15:10:14.517' AS DateTime))
GO
INSERT [dbo].[TET_Supplier] ([ID], [IsSecret], [IsNDA], [ApplyReason], [BelongTo], [VenderCode], [SupplierCategory], [BusinessCategory], [BusinessAttribute], [SearchKey], [RelatedDept], [Buyer], [RegisterDate], [CName], [EName], [Country], [TaxNo], [Address], [OfficeTel], [ISO], [Email], [Website], [CapitalAmount], [MainProduct], [Employees], [Charge], [PaymentTerm], [BillingDocument], [Incoterms], [Remark], [BankCountry], [BankName], [BankCode], [BankBranchName], [BankBranchCode], [Currency], [BankAccountName], [BankAccountNo], [CompanyCity], [BankAddress], [SwiftCode], [NDANo], [Contract], [IsSign1], [SignDate1], [IsSign2], [SignDate2], [STQAApplication], [KeySupplier], [Version], [RevisionType], [IsLastVersion], [ApproveStatus], [CreateUser], [CreateDate], [ModifyUser], [ModifyDate]) VALUES (N'600c54d5-0ede-44f2-8c48-7ffa5ce26f42', N'YES', N'YES', N'123', N'11111', N'9527', N'["TET Business related","總務相關"]', N'["材料","儀器"]', N'["翻譯","改造"]', N'', N'["CT"]', N'00005', CAST(N'2024-01-18' AS Date), N'測試有附檔', N'EG Name', N'日本', N'1', N'5', N'10', N'6', N'7', N'8', N'2', N'3', N'9', N'4', N'月結30天', N'免稅發票', N'DDP', N'123', N'台灣', N'11', N'15', N'12', N'台灣', N'NTD', N'13', N'14', N'17', N'19', N'18', N'123', N'', N'', NULL, N'', NULL, N'NO', N'', 0, NULL, N'Y', N'已完成', N'00003', CAST(N'2024-01-18T22:42:17.280' AS DateTime), N'00009', CAST(N'2024-01-18T22:46:04.587' AS DateTime))
GO
INSERT [dbo].[TET_Supplier] ([ID], [IsSecret], [IsNDA], [ApplyReason], [BelongTo], [VenderCode], [SupplierCategory], [BusinessCategory], [BusinessAttribute], [SearchKey], [RelatedDept], [Buyer], [RegisterDate], [CName], [EName], [Country], [TaxNo], [Address], [OfficeTel], [ISO], [Email], [Website], [CapitalAmount], [MainProduct], [Employees], [Charge], [PaymentTerm], [BillingDocument], [Incoterms], [Remark], [BankCountry], [BankName], [BankCode], [BankBranchName], [BankBranchCode], [Currency], [BankAccountName], [BankAccountNo], [CompanyCity], [BankAddress], [SwiftCode], [NDANo], [Contract], [IsSign1], [SignDate1], [IsSign2], [SignDate2], [STQAApplication], [KeySupplier], [Version], [RevisionType], [IsLastVersion], [ApproveStatus], [CreateUser], [CreateDate], [ModifyUser], [ModifyDate]) VALUES (N'48bca6a0-4145-4b1f-8f09-8dcddbed37a0', N'NO', N'NO', N'123', N'9999', N'', N'["EHS","Building / Facility"]', N'["材料","零件"]', N'["FE","翻譯"]', N'123', N'["ATS","ESS"]', N'00002', CAST(N'2024-01-26' AS Date), N'測試項目1', N'EN001', N'台灣', N'321', N'321', N'321', N'321', N'321', N'321', N'321', N'321', N'312', N'321', N'月結60天', N'免稅發票', N'FCA', N'321', N'台灣', N'123', N'123', N'123', N'123', N'NTD', N'123', N'123', N'123', N'123', N'123', N'321', N'Y', N'Y', NULL, N'Y', CAST(N'2024-01-31' AS Date), N'', N'Y', 0, NULL, N'N', N'審核中', N'00002', CAST(N'2024-01-26T00:44:17.323' AS DateTime), N'00004', CAST(N'2024-01-26T17:22:41.910' AS DateTime))
GO
INSERT [dbo].[TET_Supplier] ([ID], [IsSecret], [IsNDA], [ApplyReason], [BelongTo], [VenderCode], [SupplierCategory], [BusinessCategory], [BusinessAttribute], [SearchKey], [RelatedDept], [Buyer], [RegisterDate], [CName], [EName], [Country], [TaxNo], [Address], [OfficeTel], [ISO], [Email], [Website], [CapitalAmount], [MainProduct], [Employees], [Charge], [PaymentTerm], [BillingDocument], [Incoterms], [Remark], [BankCountry], [BankName], [BankCode], [BankBranchName], [BankBranchCode], [Currency], [BankAccountName], [BankAccountNo], [CompanyCity], [BankAddress], [SwiftCode], [NDANo], [Contract], [IsSign1], [SignDate1], [IsSign2], [SignDate2], [STQAApplication], [KeySupplier], [Version], [RevisionType], [IsLastVersion], [ApproveStatus], [CreateUser], [CreateDate], [ModifyUser], [ModifyDate]) VALUES (N'c4c14185-0333-4252-9ed7-bc0474562432', N'YES', N'YES', N'123', N'123', N'1234', N'["TET Business related"]', N'["勞務"]', N'["Trouble Shooting","拆移機"]', N'', N'["DSS"]', N'', CAST(N'2024-01-16' AS Date), N'供應商名稱', N'EG Name', N'日本', N'1', N'5', N'10', N'6', N'7', N'8', N'2', N'3', N'9', N'4', N'月結30天', N'免稅發票', N'DDP', N'123', N'台灣', N'11', N'15', N'12', N'台灣', N'NTD', N'13', N'14', N'17', N'19', N'18', N'122', N'', N'', NULL, N'', NULL, N'NO', N'', 1, N'1', N'Y', N'已完成', N'00003', CAST(N'2024-01-21T00:50:08.317' AS DateTime), N'00002', CAST(N'2024-01-25T18:55:24.053' AS DateTime))
GO
INSERT [dbo].[TET_Supplier] ([ID], [IsSecret], [IsNDA], [ApplyReason], [BelongTo], [VenderCode], [SupplierCategory], [BusinessCategory], [BusinessAttribute], [SearchKey], [RelatedDept], [Buyer], [RegisterDate], [CName], [EName], [Country], [TaxNo], [Address], [OfficeTel], [ISO], [Email], [Website], [CapitalAmount], [MainProduct], [Employees], [Charge], [PaymentTerm], [BillingDocument], [Incoterms], [Remark], [BankCountry], [BankName], [BankCode], [BankBranchName], [BankBranchCode], [Currency], [BankAccountName], [BankAccountNo], [CompanyCity], [BankAddress], [SwiftCode], [NDANo], [Contract], [IsSign1], [SignDate1], [IsSign2], [SignDate2], [STQAApplication], [KeySupplier], [Version], [RevisionType], [IsLastVersion], [ApproveStatus], [CreateUser], [CreateDate], [ModifyUser], [ModifyDate]) VALUES (N'be794534-959a-4f59-97aa-f5f54a050458', N'YES', N'YES', N'123', N'123', N'1234', N'["TET Business related"]', N'["勞務"]', N'["Trouble Shooting","拆移機"]', N'', N'["DSS"]', N'', CAST(N'2024-01-16' AS Date), N'供應商名稱', N'EG Name', N'日本', N'1', N'5', N'10', N'6', N'7', N'8', N'2', N'3', N'9', N'4', N'月結30天', N'免稅發票', N'DDP', N'123', N'台灣', N'11', N'15', N'12', N'台灣', N'NTD', N'13', N'14', N'17', N'19', N'18', N'122', N'', N'', NULL, N'', NULL, N'NO', N'', 0, NULL, N'N', N'已完成', N'00002', CAST(N'2024-01-16T15:05:37.323' AS DateTime), N'00010', CAST(N'2024-01-16T23:45:37.510' AS DateTime))
GO
INSERT [dbo].[TET_Supplier_Menu] ([ID], [SiteID], [ParentID], [Name], [Description], [MenuType], [Linkurl], [ModuleID], [PageIcon], [SortNo], [IsEnable], [CreateUser], [CreateDate], [ModifyUser], [ModifyDate]) VALUES (N'c7382bac-dd1a-4d36-b10e-11daf6596b7b', N'15e34669-cc25-48c5-85c6-6af49252cbfe', NULL, N'功能選單', N'顯示登入者可以使用的功能選單', 2, N'', N'3228be98-f7dc-450b-b7a2-0ed8b45f9ea1', N'flaticon-app', 1, 1, N'Admin', CAST(N'2024-01-01T00:00:00.000' AS DateTime), N'00001', CAST(N'2024-01-11T03:00:07.740' AS DateTime))
GO
INSERT [dbo].[TET_Supplier_Menu] ([ID], [SiteID], [ParentID], [Name], [Description], [MenuType], [Linkurl], [ModuleID], [PageIcon], [SortNo], [IsEnable], [CreateUser], [CreateDate], [ModifyUser], [ModifyDate]) VALUES (N'581d5cbe-ef5a-426f-b2f5-1f0ca2c2371a', N'15e34669-cc25-48c5-85c6-6af49252cbfe', NULL, N'供應商資料查詢', N'提供使用者查詢供應商資料', 2, N'/Supplier/SupplierQuery/index', NULL, N'flaticon-app', 11, 1, N'Admin', CAST(N'2024-01-01T00:00:00.000' AS DateTime), N'Admin', CAST(N'2024-01-01T00:00:00.000' AS DateTime))
GO
INSERT [dbo].[TET_Supplier_Menu] ([ID], [SiteID], [ParentID], [Name], [Description], [MenuType], [Linkurl], [ModuleID], [PageIcon], [SortNo], [IsEnable], [CreateUser], [CreateDate], [ModifyUser], [ModifyDate]) VALUES (N'b2eb8028-fad4-45ac-83de-29f9d6feb380', N'15e34669-cc25-48c5-85c6-6af49252cbfe', NULL, N'SPA資料維護', N'提供承辦人新增或改版供應商SPA資料', 2, N'/Supplier/SupplierSPA/index', N'08f65476-4bd1-4b3e-af44-4e60fbe2282f', N'flaticon-app', 7, 1, N'Admin', CAST(N'2024-01-01T00:00:00.000' AS DateTime), N'Admin', CAST(N'2024-01-01T00:00:00.000' AS DateTime))
GO
INSERT [dbo].[TET_Supplier_Menu] ([ID], [SiteID], [ParentID], [Name], [Description], [MenuType], [Linkurl], [ModuleID], [PageIcon], [SortNo], [IsEnable], [CreateUser], [CreateDate], [ModifyUser], [ModifyDate]) VALUES (N'a3d1cee5-7d81-43b5-87e1-6d36a696e221', N'15e34669-cc25-48c5-85c6-6af49252cbfe', NULL, N'SPA查詢(單一評鑑期別)', N'提供相關人員針對供應商SPA資料進行單一評鑑期間的資料查詢', 2, N'/Supplier/SupplierSPAQuery1', N'21c3b503-2a9e-44e0-910e-77bef89fb71a', N'flaticon-app', 9, 1, N'Admin', CAST(N'2024-01-01T00:00:00.000' AS DateTime), N'Admin', CAST(N'2024-01-01T00:00:00.000' AS DateTime))
GO
INSERT [dbo].[TET_Supplier_Menu] ([ID], [SiteID], [ParentID], [Name], [Description], [MenuType], [Linkurl], [ModuleID], [PageIcon], [SortNo], [IsEnable], [CreateUser], [CreateDate], [ModifyUser], [ModifyDate]) VALUES (N'5d3b1b6e-9d90-4537-8f0f-6f674a1450a7', N'15e34669-cc25-48c5-85c6-6af49252cbfe', NULL, N'待審清單', N'提供等待登入者審核的待審資料清單', 2, N'/Supplier/ApprovalList', N'7d6c4746-3ad5-4675-b941-4334c871125d', N'flaticon-app', 8, 1, N'Admin', CAST(N'2024-01-01T00:00:00.000' AS DateTime), N'Admin', CAST(N'2024-01-01T00:00:00.000' AS DateTime))
GO
INSERT [dbo].[TET_Supplier_Menu] ([ID], [SiteID], [ParentID], [Name], [Description], [MenuType], [Linkurl], [ModuleID], [PageIcon], [SortNo], [IsEnable], [CreateUser], [CreateDate], [ModifyUser], [ModifyDate]) VALUES (N'18ee36d7-f73b-48c5-8a73-cbbeb9629e46', N'15e34669-cc25-48c5-85c6-6af49252cbfe', NULL, N'STQA資料維護', N'提供承辦人新增或改版供應商STQA資料', 2, N'/Supplier/SupplierSTQA/index', N'7f728d0b-8ad7-4a02-8da1-e37b8939a92b', N'flaticon-app', 6, 1, N'Admin', CAST(N'2024-01-01T00:00:00.000' AS DateTime), N'Admin', CAST(N'2024-01-01T00:00:00.000' AS DateTime))
GO
INSERT [dbo].[TET_Supplier_Menu] ([ID], [SiteID], [ParentID], [Name], [Description], [MenuType], [Linkurl], [ModuleID], [PageIcon], [SortNo], [IsEnable], [CreateUser], [CreateDate], [ModifyUser], [ModifyDate]) VALUES (N'7d90d8f0-9d1a-4029-a86e-d10a2007fd3d', N'15e34669-cc25-48c5-85c6-6af49252cbfe', NULL, N'角色管理', N'提供系統管理者維護系統角色、歸屬員工、功能授權資料', 2, N'/Supplier/Role/Index', N'd025d8b1-200c-4ffd-b7b5-a1b43be61d7f', N'flaticon-app', 2, 1, N'Admin', CAST(N'2024-01-01T00:00:00.000' AS DateTime), N'Admin', CAST(N'2024-01-01T00:00:00.000' AS DateTime))
GO
INSERT [dbo].[TET_Supplier_Menu] ([ID], [SiteID], [ParentID], [Name], [Description], [MenuType], [Linkurl], [ModuleID], [PageIcon], [SortNo], [IsEnable], [CreateUser], [CreateDate], [ModifyUser], [ModifyDate]) VALUES (N'c7ebdb2e-0c88-4c42-99a0-dc008e178936', N'15e34669-cc25-48c5-85c6-6af49252cbfe', NULL, N'SPA查詢(多個評鑑期別)', N'提供相關人員針對供應商SPA資料進行多個評鑑期間的資料查詢', 2, N'/Supplier/SupplierSPAQuery2', N'e5bea3c8-6294-4f9d-9e10-74f436a1a28e', N'flaticon-app', 10, 1, N'Admin', CAST(N'2024-01-01T00:00:00.000' AS DateTime), N'Admin', CAST(N'2024-01-01T00:00:00.000' AS DateTime))
GO
INSERT [dbo].[TET_Supplier_Menu] ([ID], [SiteID], [ParentID], [Name], [Description], [MenuType], [Linkurl], [ModuleID], [PageIcon], [SortNo], [IsEnable], [CreateUser], [CreateDate], [ModifyUser], [ModifyDate]) VALUES (N'996406c5-1af0-46b7-b6a3-eeea35ced58f', N'15e34669-cc25-48c5-85c6-6af49252cbfe', NULL, N'供應商重要資訊改版申請', N'提供承辦人針對新供應商重要資訊進行改版', 2, N'/Supplier/SupplierRevission/Index', N'6fa280d3-e6d6-4439-bce8-63335041259b', N'flaticon-app', 5, 1, N'Admin', CAST(N'2024-01-01T00:00:00.000' AS DateTime), N'Admin', CAST(N'2024-01-01T00:00:00.000' AS DateTime))
GO
INSERT [dbo].[TET_Supplier_Menu] ([ID], [SiteID], [ParentID], [Name], [Description], [MenuType], [Linkurl], [ModuleID], [PageIcon], [SortNo], [IsEnable], [CreateUser], [CreateDate], [ModifyUser], [ModifyDate]) VALUES (N'3d5dec53-c4ab-418a-9d88-f4355df5c50f', N'15e34669-cc25-48c5-85c6-6af49252cbfe', NULL, N'常用參數設定', N'提供系統管理者維護系統使用的參數資料', 2, N'/Supplier/Parameters/Index', NULL, N'flaticon-app', 3, 1, N'Admin', CAST(N'2024-01-01T00:00:00.000' AS DateTime), N'Admin', CAST(N'2024-01-01T00:00:00.000' AS DateTime))
GO
INSERT [dbo].[TET_Supplier_Menu] ([ID], [SiteID], [ParentID], [Name], [Description], [MenuType], [Linkurl], [ModuleID], [PageIcon], [SortNo], [IsEnable], [CreateUser], [CreateDate], [ModifyUser], [ModifyDate]) VALUES (N'499203a3-c34a-459c-be34-fe1af586ca73', N'15e34669-cc25-48c5-85c6-6af49252cbfe', NULL, N'新供應商申請', N'提供承辦人新增新供應商資料', 2, N'/Supplier/Supplier/index', N'004037a6-2729-41dd-b0bf-98d3fc0655f7', N'flaticon-app', 4, 1, N'Admin', CAST(N'2024-01-01T00:00:00.000' AS DateTime), N'Admin', CAST(N'2024-01-01T00:00:00.000' AS DateTime))
GO
INSERT [dbo].[TET_Supplier_RoleMenu] ([ID], [MenuID], [RoleID], [AllowActs], [CreateUser], [CreateDate], [ModifyUser], [ModifyDate]) VALUES (N'90553a84-bc22-40e8-aee6-2a7054cc8c94', N'3d5dec53-c4ab-418a-9d88-f4355df5c50f', N'1d7bec68-a588-41c9-ab39-6d7d2162a799', 127, N'00001', CAST(N'2023-12-19T11:10:06.753' AS DateTime), N'00001', CAST(N'2023-12-19T11:10:06.753' AS DateTime))
GO
INSERT [dbo].[TET_Supplier_RoleMenu] ([ID], [MenuID], [RoleID], [AllowActs], [CreateUser], [CreateDate], [ModifyUser], [ModifyDate]) VALUES (N'bf4f44d5-a4c7-4b72-8103-2b810470c007', N'499203a3-c34a-459c-be34-fe1af586ca73', N'1d7bec68-a588-41c9-ab39-6d7d2162a799', 127, N'00001', CAST(N'2023-12-19T11:10:06.753' AS DateTime), N'00001', CAST(N'2023-12-19T11:10:06.753' AS DateTime))
GO
INSERT [dbo].[TET_Supplier_RoleMenu] ([ID], [MenuID], [RoleID], [AllowActs], [CreateUser], [CreateDate], [ModifyUser], [ModifyDate]) VALUES (N'eaf36a6e-a74e-4956-bbce-2c7528b1d29e', N'581d5cbe-ef5a-426f-b2f5-1f0ca2c2371a', N'b4ef6ae4-5873-4511-8c7b-7f1281dd1b5e', 127, N'00001', CAST(N'2023-12-19T11:09:03.490' AS DateTime), N'00001', CAST(N'2023-12-19T11:09:03.490' AS DateTime))
GO
INSERT [dbo].[TET_Supplier_RoleMenu] ([ID], [MenuID], [RoleID], [AllowActs], [CreateUser], [CreateDate], [ModifyUser], [ModifyDate]) VALUES (N'f80d4cc6-aa2f-47d6-a61c-2f952a417043', N'b2eb8028-fad4-45ac-83de-29f9d6feb380', N'b4ef6ae4-5873-4511-8c7b-7f1281dd1b5e', 127, N'00001', CAST(N'2023-12-19T11:09:03.490' AS DateTime), N'00001', CAST(N'2023-12-19T11:09:03.490' AS DateTime))
GO
INSERT [dbo].[TET_Supplier_RoleMenu] ([ID], [MenuID], [RoleID], [AllowActs], [CreateUser], [CreateDate], [ModifyUser], [ModifyDate]) VALUES (N'ce8aa44f-47a1-46f2-a0bb-47ec266bf851', N'a3d1cee5-7d81-43b5-87e1-6d36a696e221', N'b4ef6ae4-5873-4511-8c7b-7f1281dd1b5e', 127, N'00001', CAST(N'2023-12-19T11:09:03.490' AS DateTime), N'00001', CAST(N'2023-12-19T11:09:03.490' AS DateTime))
GO
INSERT [dbo].[TET_Supplier_RoleMenu] ([ID], [MenuID], [RoleID], [AllowActs], [CreateUser], [CreateDate], [ModifyUser], [ModifyDate]) VALUES (N'7e5d826b-eeb9-4b70-94be-4ababa4c6aeb', N'996406c5-1af0-46b7-b6a3-eeea35ced58f', N'b4ef6ae4-5873-4511-8c7b-7f1281dd1b5e', 127, N'00001', CAST(N'2023-12-19T11:09:03.490' AS DateTime), N'00001', CAST(N'2023-12-19T11:09:03.490' AS DateTime))
GO
INSERT [dbo].[TET_Supplier_RoleMenu] ([ID], [MenuID], [RoleID], [AllowActs], [CreateUser], [CreateDate], [ModifyUser], [ModifyDate]) VALUES (N'97efaf62-c706-4962-8f9c-5821e3cfbc60', N'5d3b1b6e-9d90-4537-8f0f-6f674a1450a7', N'1d7bec68-a588-41c9-ab39-6d7d2162a799', 127, N'00001', CAST(N'2023-12-19T11:10:06.753' AS DateTime), N'00001', CAST(N'2023-12-19T11:10:06.753' AS DateTime))
GO
INSERT [dbo].[TET_Supplier_RoleMenu] ([ID], [MenuID], [RoleID], [AllowActs], [CreateUser], [CreateDate], [ModifyUser], [ModifyDate]) VALUES (N'f50ee1b9-4f59-4b99-9e77-65726461ef4a', N'c7ebdb2e-0c88-4c42-99a0-dc008e178936', N'1d7bec68-a588-41c9-ab39-6d7d2162a799', 127, N'00001', CAST(N'2023-12-19T11:10:06.753' AS DateTime), N'00001', CAST(N'2023-12-19T11:10:06.753' AS DateTime))
GO
INSERT [dbo].[TET_Supplier_RoleMenu] ([ID], [MenuID], [RoleID], [AllowActs], [CreateUser], [CreateDate], [ModifyUser], [ModifyDate]) VALUES (N'69bf65a0-ddc8-4ded-98ba-6ea848b893bf', N'5d3b1b6e-9d90-4537-8f0f-6f674a1450a7', N'b4ef6ae4-5873-4511-8c7b-7f1281dd1b5e', 127, N'00001', CAST(N'2023-12-19T11:09:03.490' AS DateTime), N'00001', CAST(N'2023-12-19T11:09:03.490' AS DateTime))
GO
INSERT [dbo].[TET_Supplier_RoleMenu] ([ID], [MenuID], [RoleID], [AllowActs], [CreateUser], [CreateDate], [ModifyUser], [ModifyDate]) VALUES (N'f30d7b40-a3f5-4786-a66f-794a76dbd357', N'996406c5-1af0-46b7-b6a3-eeea35ced58f', N'1d7bec68-a588-41c9-ab39-6d7d2162a799', 127, N'00001', CAST(N'2023-12-19T11:10:06.753' AS DateTime), N'00001', CAST(N'2023-12-19T11:10:06.753' AS DateTime))
GO
INSERT [dbo].[TET_Supplier_RoleMenu] ([ID], [MenuID], [RoleID], [AllowActs], [CreateUser], [CreateDate], [ModifyUser], [ModifyDate]) VALUES (N'd61b81c6-86e1-4562-b79a-8fb2de56072e', N'18ee36d7-f73b-48c5-8a73-cbbeb9629e46', N'1d7bec68-a588-41c9-ab39-6d7d2162a799', 127, N'00001', CAST(N'2023-12-19T11:10:06.753' AS DateTime), N'00001', CAST(N'2023-12-19T11:10:06.753' AS DateTime))
GO
INSERT [dbo].[TET_Supplier_RoleMenu] ([ID], [MenuID], [RoleID], [AllowActs], [CreateUser], [CreateDate], [ModifyUser], [ModifyDate]) VALUES (N'bfaa46fe-d16c-4fa6-9dc0-93a6d31a317a', N'499203a3-c34a-459c-be34-fe1af586ca73', N'b4ef6ae4-5873-4511-8c7b-7f1281dd1b5e', 127, N'00001', CAST(N'2023-12-19T11:09:03.490' AS DateTime), N'00001', CAST(N'2023-12-19T11:09:03.490' AS DateTime))
GO
INSERT [dbo].[TET_Supplier_RoleMenu] ([ID], [MenuID], [RoleID], [AllowActs], [CreateUser], [CreateDate], [ModifyUser], [ModifyDate]) VALUES (N'a7952478-6f1a-4175-83ec-a1556e282166', N'b2eb8028-fad4-45ac-83de-29f9d6feb380', N'1d7bec68-a588-41c9-ab39-6d7d2162a799', 127, N'00001', CAST(N'2023-12-19T11:10:06.753' AS DateTime), N'00001', CAST(N'2023-12-19T11:10:06.753' AS DateTime))
GO
INSERT [dbo].[TET_Supplier_RoleMenu] ([ID], [MenuID], [RoleID], [AllowActs], [CreateUser], [CreateDate], [ModifyUser], [ModifyDate]) VALUES (N'8b4dda71-0bee-4f0b-a2b2-a1e8faafa472', N'7d90d8f0-9d1a-4029-a86e-d10a2007fd3d', N'1d7bec68-a588-41c9-ab39-6d7d2162a799', 127, N'00001', CAST(N'2023-12-19T11:10:06.753' AS DateTime), N'00001', CAST(N'2023-12-19T11:10:06.753' AS DateTime))
GO
INSERT [dbo].[TET_Supplier_RoleMenu] ([ID], [MenuID], [RoleID], [AllowActs], [CreateUser], [CreateDate], [ModifyUser], [ModifyDate]) VALUES (N'6f17f721-f688-4418-abbf-b62fa5784870', N'a3d1cee5-7d81-43b5-87e1-6d36a696e221', N'1d7bec68-a588-41c9-ab39-6d7d2162a799', 127, N'00001', CAST(N'2023-12-19T11:10:06.753' AS DateTime), N'00001', CAST(N'2023-12-19T11:10:06.753' AS DateTime))
GO
INSERT [dbo].[TET_Supplier_RoleMenu] ([ID], [MenuID], [RoleID], [AllowActs], [CreateUser], [CreateDate], [ModifyUser], [ModifyDate]) VALUES (N'e2915b5c-900a-4a5f-b389-b80df2ec45c7', N'c7382bac-dd1a-4d36-b10e-11daf6596b7b', N'1d7bec68-a588-41c9-ab39-6d7d2162a799', 127, N'00001', CAST(N'2023-12-19T11:10:06.753' AS DateTime), N'00001', CAST(N'2023-12-19T11:10:06.753' AS DateTime))
GO
INSERT [dbo].[TET_Supplier_RoleMenu] ([ID], [MenuID], [RoleID], [AllowActs], [CreateUser], [CreateDate], [ModifyUser], [ModifyDate]) VALUES (N'c605c0fc-fc13-4147-9fb3-b8735dda2b4e', N'c7382bac-dd1a-4d36-b10e-11daf6596b7b', N'b4ef6ae4-5873-4511-8c7b-7f1281dd1b5e', 127, N'00001', CAST(N'2023-12-19T11:09:03.490' AS DateTime), N'00001', CAST(N'2023-12-19T11:09:03.490' AS DateTime))
GO
INSERT [dbo].[TET_Supplier_RoleMenu] ([ID], [MenuID], [RoleID], [AllowActs], [CreateUser], [CreateDate], [ModifyUser], [ModifyDate]) VALUES (N'a99443a3-1f9f-4198-a60d-c6340ac3bc85', N'581d5cbe-ef5a-426f-b2f5-1f0ca2c2371a', N'1d7bec68-a588-41c9-ab39-6d7d2162a799', 127, N'00001', CAST(N'2023-12-19T11:10:06.753' AS DateTime), N'00001', CAST(N'2023-12-19T11:10:06.753' AS DateTime))
GO
INSERT [dbo].[TET_Supplier_RoleMenu] ([ID], [MenuID], [RoleID], [AllowActs], [CreateUser], [CreateDate], [ModifyUser], [ModifyDate]) VALUES (N'6da845e9-a3be-4548-929c-efa29b772083', N'c7ebdb2e-0c88-4c42-99a0-dc008e178936', N'b4ef6ae4-5873-4511-8c7b-7f1281dd1b5e', 127, N'00001', CAST(N'2023-12-19T11:09:03.490' AS DateTime), N'00001', CAST(N'2023-12-19T11:09:03.490' AS DateTime))
GO
INSERT [dbo].[TET_Supplier_RoleMenu] ([ID], [MenuID], [RoleID], [AllowActs], [CreateUser], [CreateDate], [ModifyUser], [ModifyDate]) VALUES (N'856a8ccf-a90b-4f0a-8f70-f603df2051ae', N'18ee36d7-f73b-48c5-8a73-cbbeb9629e46', N'b4ef6ae4-5873-4511-8c7b-7f1281dd1b5e', 127, N'00001', CAST(N'2023-12-19T11:09:03.490' AS DateTime), N'00001', CAST(N'2023-12-19T11:09:03.490' AS DateTime))
GO
INSERT [dbo].[TET_Supplier_Roles] ([ID], [Name], [IsEnable], [CreateUser], [CreateDate], [ModifyUser], [ModifyDate]) VALUES (N'429d57be-977c-48ed-983a-2746109dabfa', N'SRI_SS', 1, N'Admin', CAST(N'2024-01-10T12:09:15.560' AS DateTime), N'Admin', CAST(N'2024-01-10T12:09:15.560' AS DateTime))
GO
INSERT [dbo].[TET_Supplier_Roles] ([ID], [Name], [IsEnable], [CreateUser], [CreateDate], [ModifyUser], [ModifyDate]) VALUES (N'ab5b56a0-c6f5-4871-a1c8-470543a9db82', N'QSM_GL', 1, N'Admin', CAST(N'2024-01-10T12:09:15.560' AS DateTime), N'Admin', CAST(N'2024-01-10T12:09:15.560' AS DateTime))
GO
INSERT [dbo].[TET_Supplier_Roles] ([ID], [Name], [IsEnable], [CreateUser], [CreateDate], [ModifyUser], [ModifyDate]) VALUES (N'1d7bec68-a588-41c9-ab39-6d7d2162a799', N'系統管理員', 1, N'Admin', CAST(N'2023-12-12T09:43:00.967' AS DateTime), N'Admin', CAST(N'2023-12-12T09:43:00.967' AS DateTime))
GO
INSERT [dbo].[TET_Supplier_Roles] ([ID], [Name], [IsEnable], [CreateUser], [CreateDate], [ModifyUser], [ModifyDate]) VALUES (N'583606b6-124a-4425-bab3-70ef43911d20', N'ACC Data初審', 1, N'Admin', CAST(N'2023-12-12T09:43:00.970' AS DateTime), N'Admin', CAST(N'2023-12-12T09:43:00.970' AS DateTime))
GO
INSERT [dbo].[TET_Supplier_Roles] ([ID], [Name], [IsEnable], [CreateUser], [CreateDate], [ModifyUser], [ModifyDate]) VALUES (N'fd530d27-dc90-48bb-ae9f-7264fc1d7626', N'SRI_SS審核', 1, N'Admin', CAST(N'2023-12-12T09:43:00.970' AS DateTime), N'Admin', CAST(N'2023-12-12T09:43:00.970' AS DateTime))
GO
INSERT [dbo].[TET_Supplier_Roles] ([ID], [Name], [IsEnable], [CreateUser], [CreateDate], [ModifyUser], [ModifyDate]) VALUES (N'b4ef6ae4-5873-4511-8c7b-7f1281dd1b5e', N'一般使用者', 1, N'Admin', CAST(N'2023-12-12T09:43:00.953' AS DateTime), N'Admin', CAST(N'2023-12-12T09:43:00.953' AS DateTime))
GO
INSERT [dbo].[TET_Supplier_Roles] ([ID], [Name], [IsEnable], [CreateUser], [CreateDate], [ModifyUser], [ModifyDate]) VALUES (N'c3edc1df-7fae-48c8-8aa3-80a1f0604d8b', N'ACC Data複核', 1, N'Admin', CAST(N'2023-12-12T09:43:00.973' AS DateTime), N'Admin', CAST(N'2023-12-12T09:43:00.973' AS DateTime))
GO
INSERT [dbo].[TET_Supplier_Roles] ([ID], [Name], [IsEnable], [CreateUser], [CreateDate], [ModifyUser], [ModifyDate]) VALUES (N'30910ebe-d964-4144-a61b-8ccdff355fed', N'QSM', 1, N'Admin', CAST(N'2024-01-10T12:09:15.560' AS DateTime), N'Admin', CAST(N'2024-01-10T12:09:15.560' AS DateTime))
GO
INSERT [dbo].[TET_Supplier_Roles] ([ID], [Name], [IsEnable], [CreateUser], [CreateDate], [ModifyUser], [ModifyDate]) VALUES (N'21471e44-2836-4a1e-84a0-b4353ad6b344', N'SRI_PO', 1, N'Admin', CAST(N'2024-01-10T12:09:15.560' AS DateTime), N'Admin', CAST(N'2024-01-10T12:09:15.560' AS DateTime))
GO
INSERT [dbo].[TET_Supplier_Roles] ([ID], [Name], [IsEnable], [CreateUser], [CreateDate], [ModifyUser], [ModifyDate]) VALUES (N'1e164e3b-d09c-4a32-b1cd-b5980387ad27', N'ACC Data覆核', 1, N'Admin', CAST(N'2023-12-12T09:43:00.977' AS DateTime), N'Admin', CAST(N'2023-12-12T09:43:00.977' AS DateTime))
GO
INSERT [dbo].[TET_Supplier_Roles] ([ID], [Name], [IsEnable], [CreateUser], [CreateDate], [ModifyUser], [ModifyDate]) VALUES (N'd8f3d735-a9e1-47bc-8d49-d841cb751b29', N'SRI_SS_GL', 1, N'Admin', CAST(N'2023-12-12T09:43:00.970' AS DateTime), N'Admin', CAST(N'2023-12-12T09:43:00.970' AS DateTime))
GO
INSERT [dbo].[TET_Supplier_UserRoles] ([ID], [RoleID], [UserID], [CreateUser], [CreateDate], [ModifyUser], [ModifyDate]) VALUES (N'7b02fe6b-a8d5-4f6b-a70e-018f1a40bc1d', N'c3edc1df-7fae-48c8-8aa3-80a1f0604d8b', N'00011', N'00001', CAST(N'2023-12-19T09:42:58.270' AS DateTime), N'00001', CAST(N'2023-12-19T09:42:58.270' AS DateTime))
GO
INSERT [dbo].[TET_Supplier_UserRoles] ([ID], [RoleID], [UserID], [CreateUser], [CreateDate], [ModifyUser], [ModifyDate]) VALUES (N'4897f096-28c5-4317-b52d-0be9da5431d4', N'b4ef6ae4-5873-4511-8c7b-7f1281dd1b5e', N'00007', N'00001', CAST(N'2023-12-19T09:42:58.270' AS DateTime), N'00001', CAST(N'2023-12-19T09:42:58.270' AS DateTime))
GO
INSERT [dbo].[TET_Supplier_UserRoles] ([ID], [RoleID], [UserID], [CreateUser], [CreateDate], [ModifyUser], [ModifyDate]) VALUES (N'9e2d5ab7-ca97-456e-9ead-0c0593a8e952', N'b4ef6ae4-5873-4511-8c7b-7f1281dd1b5e', N'00003', N'00001', CAST(N'2023-12-19T09:42:58.270' AS DateTime), N'00001', CAST(N'2023-12-19T09:42:58.270' AS DateTime))
GO
INSERT [dbo].[TET_Supplier_UserRoles] ([ID], [RoleID], [UserID], [CreateUser], [CreateDate], [ModifyUser], [ModifyDate]) VALUES (N'e532c1b8-228f-49a5-ab8a-1ab08b311f0b', N'fd530d27-dc90-48bb-ae9f-7264fc1d7626', N'00004', N'00001', CAST(N'2023-12-19T09:42:58.270' AS DateTime), N'00001', CAST(N'2023-12-19T09:42:58.270' AS DateTime))
GO
INSERT [dbo].[TET_Supplier_UserRoles] ([ID], [RoleID], [UserID], [CreateUser], [CreateDate], [ModifyUser], [ModifyDate]) VALUES (N'fb68bc37-dffe-4379-a144-1dff23b4d7a5', N'b4ef6ae4-5873-4511-8c7b-7f1281dd1b5e', N'00001', N'00001', CAST(N'2023-12-19T09:42:58.270' AS DateTime), N'00001', CAST(N'2023-12-19T09:42:58.270' AS DateTime))
GO
INSERT [dbo].[TET_Supplier_UserRoles] ([ID], [RoleID], [UserID], [CreateUser], [CreateDate], [ModifyUser], [ModifyDate]) VALUES (N'9db72010-650e-41ec-80fa-2e56c1ecb6eb', N'fd530d27-dc90-48bb-ae9f-7264fc1d7626', N'00003', N'00001', CAST(N'2023-12-19T09:42:58.270' AS DateTime), N'00001', CAST(N'2023-12-19T09:42:58.270' AS DateTime))
GO
INSERT [dbo].[TET_Supplier_UserRoles] ([ID], [RoleID], [UserID], [CreateUser], [CreateDate], [ModifyUser], [ModifyDate]) VALUES (N'5383ce4c-372b-4614-9c31-3e89d6cc1112', N'583606b6-124a-4425-bab3-70ef43911d20', N'00013', N'00001', CAST(N'2023-12-19T09:42:58.270' AS DateTime), N'00001', CAST(N'2023-12-19T09:42:58.270' AS DateTime))
GO
INSERT [dbo].[TET_Supplier_UserRoles] ([ID], [RoleID], [UserID], [CreateUser], [CreateDate], [ModifyUser], [ModifyDate]) VALUES (N'd09f7ae0-5c74-4bda-9f64-438dd7040412', N'b4ef6ae4-5873-4511-8c7b-7f1281dd1b5e', N'00013', N'00001', CAST(N'2023-12-19T09:42:58.270' AS DateTime), N'00001', CAST(N'2023-12-19T09:42:58.270' AS DateTime))
GO
INSERT [dbo].[TET_Supplier_UserRoles] ([ID], [RoleID], [UserID], [CreateUser], [CreateDate], [ModifyUser], [ModifyDate]) VALUES (N'cdad58db-ba26-4f2c-b56c-4fdd7bde7e6d', N'b4ef6ae4-5873-4511-8c7b-7f1281dd1b5e', N'00008', N'00001', CAST(N'2023-12-19T09:42:58.270' AS DateTime), N'00001', CAST(N'2023-12-19T09:42:58.270' AS DateTime))
GO
INSERT [dbo].[TET_Supplier_UserRoles] ([ID], [RoleID], [UserID], [CreateUser], [CreateDate], [ModifyUser], [ModifyDate]) VALUES (N'b606dc95-d844-4c25-b8d8-523e295dc139', N'b4ef6ae4-5873-4511-8c7b-7f1281dd1b5e', N'00009', N'00001', CAST(N'2023-12-19T09:42:58.270' AS DateTime), N'00001', CAST(N'2023-12-19T09:42:58.270' AS DateTime))
GO
INSERT [dbo].[TET_Supplier_UserRoles] ([ID], [RoleID], [UserID], [CreateUser], [CreateDate], [ModifyUser], [ModifyDate]) VALUES (N'405f5889-ba58-45a1-b910-5bdb5ce92c3c', N'1e164e3b-d09c-4a32-b1cd-b5980387ad27', N'00010', N'00001', CAST(N'2023-12-19T09:42:58.270' AS DateTime), N'00001', CAST(N'2023-12-19T09:42:58.270' AS DateTime))
GO
INSERT [dbo].[TET_Supplier_UserRoles] ([ID], [RoleID], [UserID], [CreateUser], [CreateDate], [ModifyUser], [ModifyDate]) VALUES (N'811a5583-a4a8-46af-be52-619c36fbec7b', N'b4ef6ae4-5873-4511-8c7b-7f1281dd1b5e', N'00014', N'00001', CAST(N'2023-12-19T09:42:58.270' AS DateTime), N'00001', CAST(N'2023-12-19T09:42:58.270' AS DateTime))
GO
INSERT [dbo].[TET_Supplier_UserRoles] ([ID], [RoleID], [UserID], [CreateUser], [CreateDate], [ModifyUser], [ModifyDate]) VALUES (N'8aa06e36-71e6-4b4a-a69c-7692122bfebb', N'b4ef6ae4-5873-4511-8c7b-7f1281dd1b5e', N'00012', N'00001', CAST(N'2023-12-19T09:42:58.270' AS DateTime), N'00001', CAST(N'2023-12-19T09:42:58.270' AS DateTime))
GO
INSERT [dbo].[TET_Supplier_UserRoles] ([ID], [RoleID], [UserID], [CreateUser], [CreateDate], [ModifyUser], [ModifyDate]) VALUES (N'0b59e177-df7d-4759-a91c-9fe970adeef6', N'c3edc1df-7fae-48c8-8aa3-80a1f0604d8b', N'00012', N'00001', CAST(N'2023-12-19T09:42:58.270' AS DateTime), N'00001', CAST(N'2023-12-19T09:42:58.270' AS DateTime))
GO
INSERT [dbo].[TET_Supplier_UserRoles] ([ID], [RoleID], [UserID], [CreateUser], [CreateDate], [ModifyUser], [ModifyDate]) VALUES (N'0c12e877-8e5e-418f-ae2f-a24966c26a96', N'b4ef6ae4-5873-4511-8c7b-7f1281dd1b5e', N'00002', N'00001', CAST(N'2023-12-19T09:42:58.270' AS DateTime), N'00001', CAST(N'2023-12-19T09:42:58.270' AS DateTime))
GO
INSERT [dbo].[TET_Supplier_UserRoles] ([ID], [RoleID], [UserID], [CreateUser], [CreateDate], [ModifyUser], [ModifyDate]) VALUES (N'e088b9c2-149c-4a46-ae0f-c197433da5e5', N'b4ef6ae4-5873-4511-8c7b-7f1281dd1b5e', N'00010', N'00001', CAST(N'2023-12-19T09:42:58.270' AS DateTime), N'00001', CAST(N'2023-12-19T09:42:58.270' AS DateTime))
GO
INSERT [dbo].[TET_Supplier_UserRoles] ([ID], [RoleID], [UserID], [CreateUser], [CreateDate], [ModifyUser], [ModifyDate]) VALUES (N'a0c443c4-31ce-4845-8e0f-c6c4a09f05bd', N'b4ef6ae4-5873-4511-8c7b-7f1281dd1b5e', N'00004', N'00001', CAST(N'2023-12-19T09:42:58.270' AS DateTime), N'00001', CAST(N'2023-12-19T09:42:58.270' AS DateTime))
GO
INSERT [dbo].[TET_Supplier_UserRoles] ([ID], [RoleID], [UserID], [CreateUser], [CreateDate], [ModifyUser], [ModifyDate]) VALUES (N'aab871a5-d847-4864-8efd-d59c572689c7', N'b4ef6ae4-5873-4511-8c7b-7f1281dd1b5e', N'00006', N'00001', CAST(N'2023-12-19T09:42:58.270' AS DateTime), N'00001', CAST(N'2023-12-19T09:42:58.270' AS DateTime))
GO
INSERT [dbo].[TET_Supplier_UserRoles] ([ID], [RoleID], [UserID], [CreateUser], [CreateDate], [ModifyUser], [ModifyDate]) VALUES (N'fcc91cb3-be73-48f9-8524-defb4aa750cd', N'583606b6-124a-4425-bab3-70ef43911d20', N'00014', N'00001', CAST(N'2023-12-19T09:42:58.270' AS DateTime), N'00001', CAST(N'2023-12-19T09:42:58.270' AS DateTime))
GO
INSERT [dbo].[TET_Supplier_UserRoles] ([ID], [RoleID], [UserID], [CreateUser], [CreateDate], [ModifyUser], [ModifyDate]) VALUES (N'c97ce7d5-bd37-40ac-96c1-e81f02bfc33a', N'1d7bec68-a588-41c9-ab39-6d7d2162a799', N'00001', N'00001', CAST(N'2023-12-19T09:42:58.270' AS DateTime), N'00001', CAST(N'2023-12-19T09:42:58.270' AS DateTime))
GO
INSERT [dbo].[TET_Supplier_UserRoles] ([ID], [RoleID], [UserID], [CreateUser], [CreateDate], [ModifyUser], [ModifyDate]) VALUES (N'99fa7d73-ddc4-4ead-955a-ecd5e9bb66de', N'b4ef6ae4-5873-4511-8c7b-7f1281dd1b5e', N'00005', N'00001', CAST(N'2023-12-19T09:42:58.270' AS DateTime), N'00001', CAST(N'2023-12-19T09:42:58.270' AS DateTime))
GO
INSERT [dbo].[TET_Supplier_UserRoles] ([ID], [RoleID], [UserID], [CreateUser], [CreateDate], [ModifyUser], [ModifyDate]) VALUES (N'77057cfc-602e-48ae-9f02-ed295403e841', N'b4ef6ae4-5873-4511-8c7b-7f1281dd1b5e', N'00011', N'00001', CAST(N'2023-12-19T09:42:58.270' AS DateTime), N'00001', CAST(N'2023-12-19T09:42:58.270' AS DateTime))
GO
INSERT [dbo].[TET_Supplier_UserRoles] ([ID], [RoleID], [UserID], [CreateUser], [CreateDate], [ModifyUser], [ModifyDate]) VALUES (N'02422e6b-7e71-43fc-b820-f34ed620ba1f', N'1e164e3b-d09c-4a32-b1cd-b5980387ad27', N'00009', N'00001', CAST(N'2023-12-19T09:42:58.270' AS DateTime), N'00001', CAST(N'2023-12-19T09:42:58.270' AS DateTime))
GO
INSERT [dbo].[TET_Supplier_UserRoles] ([ID], [RoleID], [UserID], [CreateUser], [CreateDate], [ModifyUser], [ModifyDate]) VALUES (N'42fb4d9b-baaf-48ae-9ebe-f9a8752cc790', N'd8f3d735-a9e1-47bc-8d49-d841cb751b29', N'00002', N'00001', CAST(N'2023-12-19T09:42:58.270' AS DateTime), N'00001', CAST(N'2023-12-19T09:42:58.270' AS DateTime))
GO
INSERT [dbo].[TET_SupplierApproval] ([ID], [SupplierID], [Type], [Description], [Level], [Approver], [Result], [Comment], [CreateUser], [CreateDate], [ModifyUser], [ModifyDate]) VALUES (N'1b724b4c-a886-4a3a-8b89-09c990ef7127', N'48bca6a0-4145-4b1f-8f09-8dcddbed37a0', N'新增供應商審核', N'新增供應商審核_測試項目1_採購課_SRI_SS_GL Chang', N'SRI_SS_GL', N'00002', N'退回上一關', N'123', N'00004', CAST(N'2024-01-26T00:49:09.787' AS DateTime), N'00002', CAST(N'2024-01-26T17:21:42.230' AS DateTime))
GO
INSERT [dbo].[TET_SupplierApproval] ([ID], [SupplierID], [Type], [Description], [Level], [Approver], [Result], [Comment], [CreateUser], [CreateDate], [ModifyUser], [ModifyDate]) VALUES (N'fc767542-0d8c-4996-85da-0cfb2a9492de', N'ec4f74a7-bb21-448c-aa26-5c986047460c', N'新增供應商審核', N'新增供應商審核_供應商名稱_採購課_SRI_SS_1 Lee', N'ACC Data複核', N'00011', N'同意', N'123', N'00013', CAST(N'2024-01-16T15:08:55.367' AS DateTime), N'00011', CAST(N'2024-01-16T15:09:42.220' AS DateTime))
GO
INSERT [dbo].[TET_SupplierApproval] ([ID], [SupplierID], [Type], [Description], [Level], [Approver], [Result], [Comment], [CreateUser], [CreateDate], [ModifyUser], [ModifyDate]) VALUES (N'f46c469d-4bd3-44c6-ab1d-1486d33f67a1', N'be794534-959a-4f59-97aa-f5f54a050458', N'新增供應商審核', N'新增供應商審核_供應商名稱_採購課_SRI_SS_GL Chang', N'SRI_SS_GL', N'00002', N'同意', N'123', N'00004', CAST(N'2024-01-16T23:39:50.710' AS DateTime), N'00002', CAST(N'2024-01-16T23:40:23.143' AS DateTime))
GO
INSERT [dbo].[TET_SupplierApproval] ([ID], [SupplierID], [Type], [Description], [Level], [Approver], [Result], [Comment], [CreateUser], [CreateDate], [ModifyUser], [ModifyDate]) VALUES (N'a6278527-95e0-4e71-8203-15f30db58dc1', N'600c54d5-0ede-44f2-8c48-7ffa5ce26f42', N'新增供應商審核', N'新增供應商審核_測試有附檔_採購課_SRI_SS_1 Lee', N'ACC Data複核', N'00012', N'同意', N'123', N'00014', CAST(N'2024-01-18T22:44:38.207' AS DateTime), N'00012', CAST(N'2024-01-18T22:45:39.477' AS DateTime))
GO
INSERT [dbo].[TET_SupplierApproval] ([ID], [SupplierID], [Type], [Description], [Level], [Approver], [Result], [Comment], [CreateUser], [CreateDate], [ModifyUser], [ModifyDate]) VALUES (N'3b317c17-9bf6-4ed2-8b3a-1a029a289ad3', N'be794534-959a-4f59-97aa-f5f54a050458', N'新增供應商審核', N'新增供應商審核_供應商名稱_採購課_SRI_SS_GL Chang', N'User_GL', N'00001', N'同意', N'123', N'00002', CAST(N'2024-01-16T15:05:37.323' AS DateTime), N'00001', CAST(N'2024-01-16T17:10:08.523' AS DateTime))
GO
INSERT [dbo].[TET_SupplierApproval] ([ID], [SupplierID], [Type], [Description], [Level], [Approver], [Result], [Comment], [CreateUser], [CreateDate], [ModifyUser], [ModifyDate]) VALUES (N'99105dac-31eb-4989-89b5-1dd76bbec0d7', N'be794534-959a-4f59-97aa-f5f54a050458', N'新增供應商審核', N'新增供應商審核_供應商名稱_採購課_SRI_SS_GL Chang', N'User_GL', N'00001', N'同意', N'123', N'00003', CAST(N'2024-01-16T23:25:53.790' AS DateTime), N'00001', CAST(N'2024-01-16T23:38:33.180' AS DateTime))
GO
INSERT [dbo].[TET_SupplierApproval] ([ID], [SupplierID], [Type], [Description], [Level], [Approver], [Result], [Comment], [CreateUser], [CreateDate], [ModifyUser], [ModifyDate]) VALUES (N'b92cc3cb-2b5c-43f0-877d-1e475c8920fb', N'600c54d5-0ede-44f2-8c48-7ffa5ce26f42', N'新增供應商審核', N'新增供應商審核_測試有附檔_採購課_SRI_SS_1 Lee', N'SRI_SS審核', N'00004', N'同意', N'123', N'00002', CAST(N'2024-01-18T22:43:19.113' AS DateTime), N'00004', CAST(N'2024-01-18T22:43:53.357' AS DateTime))
GO
INSERT [dbo].[TET_SupplierApproval] ([ID], [SupplierID], [Type], [Description], [Level], [Approver], [Result], [Comment], [CreateUser], [CreateDate], [ModifyUser], [ModifyDate]) VALUES (N'85d50b27-ee12-4d00-87d3-1ee0b42fd4d1', N'48bca6a0-4145-4b1f-8f09-8dcddbed37a0', N'新增供應商審核', N'新增供應商審核_測試項目1_採購課_SRI_SS_GL Chang', N'SRI_SS', N'00004', N'同意', N'321', N'00001', CAST(N'2024-01-26T00:47:41.700' AS DateTime), N'00004', CAST(N'2024-01-26T00:49:09.787' AS DateTime))
GO
INSERT [dbo].[TET_SupplierApproval] ([ID], [SupplierID], [Type], [Description], [Level], [Approver], [Result], [Comment], [CreateUser], [CreateDate], [ModifyUser], [ModifyDate]) VALUES (N'250df6c4-1455-4449-8173-2375d85368fd', N'be794534-959a-4f59-97aa-f5f54a050458', N'新增供應商審核', N'新增供應商審核_供應商名稱_採購課_SRI_SS_GL Chang', N'SRI_SS審核', N'00004', N'退回上一關', N'123', N'00001', CAST(N'2024-01-16T17:10:08.523' AS DateTime), N'00004', CAST(N'2024-01-16T17:13:58.430' AS DateTime))
GO
INSERT [dbo].[TET_SupplierApproval] ([ID], [SupplierID], [Type], [Description], [Level], [Approver], [Result], [Comment], [CreateUser], [CreateDate], [ModifyUser], [ModifyDate]) VALUES (N'e7b95570-4bcf-43bf-8b72-250ddab64055', N'48bca6a0-4145-4b1f-8f09-8dcddbed37a0', N'新增供應商審核', N'新增供應商審核_測試項目1_採購課_SRI_SS_GL Chang', N'User_GL', N'00001', N'同意', N'123', N'00002', CAST(N'2024-01-26T00:44:17.323' AS DateTime), N'00001', CAST(N'2024-01-26T00:47:41.700' AS DateTime))
GO
INSERT [dbo].[TET_SupplierApproval] ([ID], [SupplierID], [Type], [Description], [Level], [Approver], [Result], [Comment], [CreateUser], [CreateDate], [ModifyUser], [ModifyDate]) VALUES (N'4132e7bc-469b-464a-af1f-5382d8aef990', N'48bca6a0-4145-4b1f-8f09-8dcddbed37a0', N'新增供應商審核', N'新增供應商審核_測試項目1_採購課_SRI_SS_GL Chang', N'SRI_SS', N'00004', N'同意', N'123', N'00002', CAST(N'2024-01-26T17:21:42.230' AS DateTime), N'00004', CAST(N'2024-01-26T17:22:41.910' AS DateTime))
GO
INSERT [dbo].[TET_SupplierApproval] ([ID], [SupplierID], [Type], [Description], [Level], [Approver], [Result], [Comment], [CreateUser], [CreateDate], [ModifyUser], [ModifyDate]) VALUES (N'5e2233ff-af5e-4ddb-a728-55017c193a81', N'600c54d5-0ede-44f2-8c48-7ffa5ce26f42', N'新增供應商審核', N'新增供應商審核_測試有附檔_採購課_SRI_SS_1 Lee', N'SRI_SS_GL', N'00002', N'同意', N'123', N'00004', CAST(N'2024-01-18T22:43:53.357' AS DateTime), N'00002', CAST(N'2024-01-18T22:44:20.523' AS DateTime))
GO
INSERT [dbo].[TET_SupplierApproval] ([ID], [SupplierID], [Type], [Description], [Level], [Approver], [Result], [Comment], [CreateUser], [CreateDate], [ModifyUser], [ModifyDate]) VALUES (N'3f18bb57-f178-4eee-8ca0-5bb963e01591', N'600c54d5-0ede-44f2-8c48-7ffa5ce26f42', N'新增供應商審核', N'新增供應商審核_測試有附檔_採購課_SRI_SS_1 Lee', N'ACC Data覆核', N'00009', N'同意', N'123', N'00012', CAST(N'2024-01-18T22:45:39.477' AS DateTime), N'00009', CAST(N'2024-01-18T22:46:04.587' AS DateTime))
GO
INSERT [dbo].[TET_SupplierApproval] ([ID], [SupplierID], [Type], [Description], [Level], [Approver], [Result], [Comment], [CreateUser], [CreateDate], [ModifyUser], [ModifyDate]) VALUES (N'd6e805d2-96c0-4617-8e52-663f029bb68e', N'48bca6a0-4145-4b1f-8f09-8dcddbed37a0', N'新增供應商審核', N'新增供應商審核_測試項目1_採購課_SRI_SS_GL Chang', N'SRI_SS_GL', N'00002', NULL, NULL, N'00004', CAST(N'2024-01-26T17:22:41.910' AS DateTime), N'00004', CAST(N'2024-01-26T17:22:41.910' AS DateTime))
GO
INSERT [dbo].[TET_SupplierApproval] ([ID], [SupplierID], [Type], [Description], [Level], [Approver], [Result], [Comment], [CreateUser], [CreateDate], [ModifyUser], [ModifyDate]) VALUES (N'dc19fc97-37f3-46cc-aca9-808a73af30ca', N'be794534-959a-4f59-97aa-f5f54a050458', N'新增供應商審核', N'新增供應商審核_供應商名稱_採購課_SRI_SS_GL Chang', N'SRI_SS審核', N'00003', N'退回上一關', N'123', N'00001', CAST(N'2024-01-16T23:23:28.417' AS DateTime), N'00003', CAST(N'2024-01-16T23:25:53.790' AS DateTime))
GO
INSERT [dbo].[TET_SupplierApproval] ([ID], [SupplierID], [Type], [Description], [Level], [Approver], [Result], [Comment], [CreateUser], [CreateDate], [ModifyUser], [ModifyDate]) VALUES (N'aed4b432-9809-4bb8-9c54-8453625ed714', N'be794534-959a-4f59-97aa-f5f54a050458', N'新增供應商審核', N'新增供應商審核_供應商名稱_採購課_SRI_SS_GL Chang', N'ACC Data覆核', N'00010', N'同意', N'123', N'00011', CAST(N'2024-01-16T23:44:58.630' AS DateTime), N'00010', CAST(N'2024-01-16T23:45:37.510' AS DateTime))
GO
INSERT [dbo].[TET_SupplierApproval] ([ID], [SupplierID], [Type], [Description], [Level], [Approver], [Result], [Comment], [CreateUser], [CreateDate], [ModifyUser], [ModifyDate]) VALUES (N'ef9887da-5995-4a9b-9dc4-86c9709e750c', N'ec4f74a7-bb21-448c-aa26-5c986047460c', N'新增供應商審核', N'新增供應商審核_供應商名稱_採購課_SRI_SS_1 Lee', N'SRI_SS_GL', N'00002', N'同意', N'123', N'00004', CAST(N'2024-01-16T15:07:05.900' AS DateTime), N'00002', CAST(N'2024-01-16T15:08:02.223' AS DateTime))
GO
INSERT [dbo].[TET_SupplierApproval] ([ID], [SupplierID], [Type], [Description], [Level], [Approver], [Result], [Comment], [CreateUser], [CreateDate], [ModifyUser], [ModifyDate]) VALUES (N'f26afea5-eea0-441f-8064-8cc9e6d5725d', N'ec4f74a7-bb21-448c-aa26-5c986047460c', N'新增供應商審核', N'新增供應商審核_供應商名稱_採購課_SRI_SS_1 Lee', N'SRI_SS審核', N'00004', N'同意', N'123', N'00002', CAST(N'2024-01-16T14:32:18.687' AS DateTime), N'00004', CAST(N'2024-01-16T15:07:05.900' AS DateTime))
GO
INSERT [dbo].[TET_SupplierApproval] ([ID], [SupplierID], [Type], [Description], [Level], [Approver], [Result], [Comment], [CreateUser], [CreateDate], [ModifyUser], [ModifyDate]) VALUES (N'75e39357-cf62-433f-8460-9339773f73b5', N'ec4f74a7-bb21-448c-aa26-5c986047460c', N'新增供應商審核', N'新增供應商審核_供應商名稱_採購課_SRI_SS_1 Lee', N'ACC Data初審', N'00013', N'同意', N'123', N'00002', CAST(N'2024-01-16T15:08:02.223' AS DateTime), N'00013', CAST(N'2024-01-16T15:08:55.367' AS DateTime))
GO
INSERT [dbo].[TET_SupplierApproval] ([ID], [SupplierID], [Type], [Description], [Level], [Approver], [Result], [Comment], [CreateUser], [CreateDate], [ModifyUser], [ModifyDate]) VALUES (N'8234fcd8-d4c2-400c-8542-9e9fca998ab9', N'600c54d5-0ede-44f2-8c48-7ffa5ce26f42', N'新增供應商審核', N'新增供應商審核_測試有附檔_採購課_SRI_SS_1 Lee', N'ACC Data初審', N'00014', N'同意', N'123', N'00002', CAST(N'2024-01-18T22:44:20.523' AS DateTime), N'00014', CAST(N'2024-01-18T22:44:38.207' AS DateTime))
GO
INSERT [dbo].[TET_SupplierApproval] ([ID], [SupplierID], [Type], [Description], [Level], [Approver], [Result], [Comment], [CreateUser], [CreateDate], [ModifyUser], [ModifyDate]) VALUES (N'5cec6ce3-751e-4198-b81f-a8b387713b94', N'ec4f74a7-bb21-448c-aa26-5c986047460c', N'新增供應商審核', N'新增供應商審核_供應商名稱_採購課_SRI_SS_1 Lee', N'ACC Data覆核', N'00009', N'同意', N'123', N'00011', CAST(N'2024-01-16T15:09:42.220' AS DateTime), N'00009', CAST(N'2024-01-16T15:10:14.517' AS DateTime))
GO
INSERT [dbo].[TET_SupplierApproval] ([ID], [SupplierID], [Type], [Description], [Level], [Approver], [Result], [Comment], [CreateUser], [CreateDate], [ModifyUser], [ModifyDate]) VALUES (N'51a7a6c4-5af9-4453-980f-c75545f05b66', N'be794534-959a-4f59-97aa-f5f54a050458', N'新增供應商審核', N'新增供應商審核_供應商名稱_採購課_SRI_SS_GL Chang', N'User_GL', N'00001', N'同意', N'123', N'00004', CAST(N'2024-01-16T17:13:58.430' AS DateTime), N'00001', CAST(N'2024-01-16T23:23:28.417' AS DateTime))
GO
INSERT [dbo].[TET_SupplierApproval] ([ID], [SupplierID], [Type], [Description], [Level], [Approver], [Result], [Comment], [CreateUser], [CreateDate], [ModifyUser], [ModifyDate]) VALUES (N'2a4d0a05-48f5-4c93-8aa2-da2ccd2ea122', N'be794534-959a-4f59-97aa-f5f54a050458', N'新增供應商審核', N'新增供應商審核_供應商名稱_採購課_SRI_SS_GL Chang', N'ACC Data初審', N'00013', N'同意', N'123', N'00002', CAST(N'2024-01-16T23:40:23.143' AS DateTime), N'00013', CAST(N'2024-01-16T23:40:50.583' AS DateTime))
GO
INSERT [dbo].[TET_SupplierApproval] ([ID], [SupplierID], [Type], [Description], [Level], [Approver], [Result], [Comment], [CreateUser], [CreateDate], [ModifyUser], [ModifyDate]) VALUES (N'70391369-64c0-415d-8663-daa5e7f8bf2b', N'600c54d5-0ede-44f2-8c48-7ffa5ce26f42', N'新增供應商審核', N'新增供應商審核_測試有附檔_採購課_SRI_SS_1 Lee', N'User_GL', N'00002', N'同意', N'123', N'00003', CAST(N'2024-01-18T22:42:17.280' AS DateTime), N'00002', CAST(N'2024-01-18T22:43:19.113' AS DateTime))
GO
INSERT [dbo].[TET_SupplierApproval] ([ID], [SupplierID], [Type], [Description], [Level], [Approver], [Result], [Comment], [CreateUser], [CreateDate], [ModifyUser], [ModifyDate]) VALUES (N'e4c7a7a1-c5d2-4d0c-ad2a-dfdc71c7a9ea', N'be794534-959a-4f59-97aa-f5f54a050458', N'新增供應商審核', N'新增供應商審核_供應商名稱_採購課_SRI_SS_GL Chang', N'ACC Data複核', N'00011', N'同意', N'123', N'00013', CAST(N'2024-01-16T23:40:50.583' AS DateTime), N'00011', CAST(N'2024-01-16T23:44:58.630' AS DateTime))
GO
INSERT [dbo].[TET_SupplierApproval] ([ID], [SupplierID], [Type], [Description], [Level], [Approver], [Result], [Comment], [CreateUser], [CreateDate], [ModifyUser], [ModifyDate]) VALUES (N'0fc06c69-bc69-438f-befd-eb4fdb882e02', N'c4c14185-0333-4252-9ed7-bc0474562432', N'供應商改版審核', N'供應商改版審核_供應商名稱_採購課_SRI_SS_1 Lee', N'SRI_SS_GL', N'00002', N'同意', N'', N'00003', CAST(N'2024-01-23T20:00:41.847' AS DateTime), N'00002', CAST(N'2024-01-25T18:55:24.053' AS DateTime))
GO
INSERT [dbo].[TET_SupplierApproval] ([ID], [SupplierID], [Type], [Description], [Level], [Approver], [Result], [Comment], [CreateUser], [CreateDate], [ModifyUser], [ModifyDate]) VALUES (N'03a8cd17-a862-49e2-9aac-fe2886f9c282', N'be794534-959a-4f59-97aa-f5f54a050458', N'新增供應商審核', N'新增供應商審核_供應商名稱_採購課_SRI_SS_GL Chang', N'SRI_SS審核', N'00004', N'同意', N'123', N'00001', CAST(N'2024-01-16T23:38:33.180' AS DateTime), N'00004', CAST(N'2024-01-16T23:39:50.710' AS DateTime))
GO
INSERT [dbo].[TET_SupplierApproval] ([ID], [SupplierID], [Type], [Description], [Level], [Approver], [Result], [Comment], [CreateUser], [CreateDate], [ModifyUser], [ModifyDate]) VALUES (N'dd0de2c7-844d-4e61-8f09-ffd887c73b65', N'ec4f74a7-bb21-448c-aa26-5c986047460c', N'新增供應商審核', N'新增供應商審核_供應商名稱_採購課_SRI_SS_1 Lee', N'User_GL', N'00002', N'同意', N'123', N'00003', CAST(N'2024-01-16T14:22:14.953' AS DateTime), N'00002', CAST(N'2024-01-16T14:32:18.687' AS DateTime))
GO
INSERT [dbo].[TET_SupplierAttachments] ([ID], [SupplierID], [FilePath], [FileName], [OrgFileName], [FileExtension], [FileSize], [CreateUser], [CreateDate], [ModifyUser], [ModifyDate]) VALUES (N'9a9fed04-ce4b-404f-8cbd-5a610b01dc93', N'0e64b4a5-779c-460a-8d26-29471a145db2', N'/FileDownload/SupplierAttachments', N'20240126_005155_044599848.xlsx', N'Supplier_Upload1.xlsx', N'.xlsx', 20918, N'00004', CAST(N'2024-01-26T00:51:55.040' AS DateTime), N'00004', CAST(N'2024-01-26T00:51:55.040' AS DateTime))
GO
INSERT [dbo].[TET_SupplierAttachments] ([ID], [SupplierID], [FilePath], [FileName], [OrgFileName], [FileExtension], [FileSize], [CreateUser], [CreateDate], [ModifyUser], [ModifyDate]) VALUES (N'd59192f3-2f59-4b55-8262-8dc1569ccd67', N'600c54d5-0ede-44f2-8c48-7ffa5ce26f42', N'/FileDownload/SupplierAttachments', N'20240118_224217_295876314.jpg', N'本週分享圖片.jpg', N'.jpg', 271940, N'00003', CAST(N'2024-01-18T22:42:17.280' AS DateTime), N'00003', CAST(N'2024-01-18T22:42:17.280' AS DateTime))
GO
INSERT [dbo].[TET_SupplierContact] ([ID], [SupplierID], [Name], [Title], [Tel], [Email], [Remark], [CreateUser], [CreateDate], [ModifyUser], [ModifyDate]) VALUES (N'2017a284-6b39-447d-b129-011a0645d8c6', N'600c54d5-0ede-44f2-8c48-7ffa5ce26f42', N'AAA', N'AA', N'123321', N'ddddd', N'ffff', N'00009', CAST(N'2024-01-18T22:46:04.587' AS DateTime), N'00009', CAST(N'2024-01-18T22:46:04.587' AS DateTime))
GO
INSERT [dbo].[TET_SupplierContact] ([ID], [SupplierID], [Name], [Title], [Tel], [Email], [Remark], [CreateUser], [CreateDate], [ModifyUser], [ModifyDate]) VALUES (N'1f1c5d38-e970-4f74-b767-7105b73b5253', N'c4c14185-0333-4252-9ed7-bc0474562432', N'AAA', N'AA', N'123321', N'ddddd', N'ffff', N'00002', CAST(N'2024-01-25T18:55:24.053' AS DateTime), N'00002', CAST(N'2024-01-25T18:55:24.053' AS DateTime))
GO
INSERT [dbo].[TET_SupplierContact] ([ID], [SupplierID], [Name], [Title], [Tel], [Email], [Remark], [CreateUser], [CreateDate], [ModifyUser], [ModifyDate]) VALUES (N'98cfa1c5-6827-4e57-b012-7560b027ec0c', N'48bca6a0-4145-4b1f-8f09-8dcddbed37a0', N'111', N'333', N'222', N'444', N'555', N'00004', CAST(N'2024-01-26T17:22:41.910' AS DateTime), N'00004', CAST(N'2024-01-26T17:22:41.910' AS DateTime))
GO
INSERT [dbo].[TET_SupplierContact] ([ID], [SupplierID], [Name], [Title], [Tel], [Email], [Remark], [CreateUser], [CreateDate], [ModifyUser], [ModifyDate]) VALUES (N'8166cf59-0573-4b70-956f-923adbd6fe7e', N'be794534-959a-4f59-97aa-f5f54a050458', N'AAA', N'AA', N'123321', N'ddddd', N'ffff', N'00010', CAST(N'2024-01-16T23:45:37.510' AS DateTime), N'00010', CAST(N'2024-01-16T23:45:37.510' AS DateTime))
GO
INSERT [dbo].[TET_SupplierContact] ([ID], [SupplierID], [Name], [Title], [Tel], [Email], [Remark], [CreateUser], [CreateDate], [ModifyUser], [ModifyDate]) VALUES (N'5018a79b-0ab5-4ecf-937b-db3c6b083dc6', N'0e64b4a5-779c-460a-8d26-29471a145db2', N'AAA', N'AA', N'123321', N'ddddd', N'ffff', N'00004', CAST(N'2024-01-26T00:51:55.040' AS DateTime), N'00004', CAST(N'2024-01-26T00:51:55.040' AS DateTime))
GO
INSERT [dbo].[TET_SupplierContact] ([ID], [SupplierID], [Name], [Title], [Tel], [Email], [Remark], [CreateUser], [CreateDate], [ModifyUser], [ModifyDate]) VALUES (N'a80023c1-7c1c-433d-8ee1-ef13a33ac17e', N'ec4f74a7-bb21-448c-aa26-5c986047460c', N'AAA', N'AA', N'123321', N'ddddd', N'ffff', N'00009', CAST(N'2024-01-16T15:10:14.517' AS DateTime), N'00009', CAST(N'2024-01-16T15:10:14.517' AS DateTime))
GO
INSERT [dbo].[TET_SupplierSPA] ([ID], [BelongTo], [Period], [BU], [ServiceFor], [AssessmentItem], [PerformanceLevel], [TotalScore], [TScore], [DScore], [QScore], [CScore], [SScore], [Comment], [ApproveStatus], [CreateUser], [CreateDate], [ModifyUser], [ModifyDate]) VALUES (N'545b971e-de14-47fb-9bff-03dafd17e8d8', N'SPS', N'FY60-2H', N'SPS', N'宜華科創股份有限公司', N'Startup', N'Ⅳ', N'3.41', N'3.3', N'4.0', N'4.0', N'2.4', N'3.0', N'FY60-2H', N'已完成', N'00003', CAST(N'2024-01-01T00:00:00.000' AS DateTime), N'00003', CAST(N'2024-01-01T00:00:00.000' AS DateTime))
GO
INSERT [dbo].[TET_SupplierSPA] ([ID], [BelongTo], [Period], [BU], [ServiceFor], [AssessmentItem], [PerformanceLevel], [TotalScore], [TScore], [DScore], [QScore], [CScore], [SScore], [Comment], [ApproveStatus], [CreateUser], [CreateDate], [ModifyUser], [ModifyDate]) VALUES (N'22c51d6e-4723-433e-b5d3-2a901e7ab4c2', N'DSS_AC', N'FY61-1H', N'CT', N'修偲科技有限公司', N'8" Startup', N'Ⅳ', N'3.41', N'4.0', N'2.7', N'4.0', N'2.4', N'3.0', N'FY61-1H', N'已完成', N'00003', CAST(N'2024-01-01T00:00:00.000' AS DateTime), N'00003', CAST(N'2024-01-01T00:00:00.000' AS DateTime))
GO
INSERT [dbo].[TET_SupplierSPA] ([ID], [BelongTo], [Period], [BU], [ServiceFor], [AssessmentItem], [PerformanceLevel], [TotalScore], [TScore], [DScore], [QScore], [CScore], [SScore], [Comment], [ApproveStatus], [CreateUser], [CreateDate], [ModifyUser], [ModifyDate]) VALUES (N'2bbffd43-5709-4908-a337-36c88a33f644', N'123', N'FY60-2H', N'DSS', N'ES', N'FE', N'Ⅱ', N'123', N'123', N'123', N'123', N'123', N'123', N'123', N'審核中', N'00003', CAST(N'2024-01-25T12:17:08.063' AS DateTime), N'00001', CAST(N'2024-01-25T13:28:12.900' AS DateTime))
GO
INSERT [dbo].[TET_SupplierSPA] ([ID], [BelongTo], [Period], [BU], [ServiceFor], [AssessmentItem], [PerformanceLevel], [TotalScore], [TScore], [DScore], [QScore], [CScore], [SScore], [Comment], [ApproveStatus], [CreateUser], [CreateDate], [ModifyUser], [ModifyDate]) VALUES (N'c5a9190b-9569-487b-8a2a-3e6aeb4d7135', N'CT', N'FY61-1H', N'CT', N'修偲科技有限公司', N'Startup', N'Ⅱ', N'2.51', N'1.8', N'3.0', N'3.3', N'2.4', N'1.7', N'FY61-1H', N'已完成', N'00003', CAST(N'2024-01-01T00:00:00.000' AS DateTime), N'00003', CAST(N'2024-01-01T00:00:00.000' AS DateTime))
GO
INSERT [dbo].[TET_SupplierSPA] ([ID], [BelongTo], [Period], [BU], [ServiceFor], [AssessmentItem], [PerformanceLevel], [TotalScore], [TScore], [DScore], [QScore], [CScore], [SScore], [Comment], [ApproveStatus], [CreateUser], [CreateDate], [ModifyUser], [ModifyDate]) VALUES (N'bf529a7a-d437-4a03-9b4a-4a15ab5102fd', N'SPS', N'FY61-1H', N'SPS', N'翔研科技有限公司', N'FE', N'Ⅱ', N'2.11', N'1.2', N'1.3', N'3.3', N'2.4', N'1.7', N'FY61-1H', N'已完成', N'00003', CAST(N'2024-01-01T00:00:00.000' AS DateTime), N'00003', CAST(N'2024-01-01T00:00:00.000' AS DateTime))
GO
INSERT [dbo].[TET_SupplierSPA] ([ID], [BelongTo], [Period], [BU], [ServiceFor], [AssessmentItem], [PerformanceLevel], [TotalScore], [TScore], [DScore], [QScore], [CScore], [SScore], [Comment], [ApproveStatus], [CreateUser], [CreateDate], [ModifyUser], [ModifyDate]) VALUES (N'1df11413-db99-40ac-8476-4d497fbed9a0', N'DSS_PP', N'FY61-1H', N'CT', N'修偲科技有限公司', N'Modification', N'Ⅳ', N'3.53', N'4.0', N'4.0', N'3.3', N'3.2', N'3.0', N'FY61-1H', N'已完成', N'00003', CAST(N'2024-01-01T00:00:00.000' AS DateTime), N'00003', CAST(N'2024-01-01T00:00:00.000' AS DateTime))
GO
INSERT [dbo].[TET_SupplierSPA] ([ID], [BelongTo], [Period], [BU], [ServiceFor], [AssessmentItem], [PerformanceLevel], [TotalScore], [TScore], [DScore], [QScore], [CScore], [SScore], [Comment], [ApproveStatus], [CreateUser], [CreateDate], [ModifyUser], [ModifyDate]) VALUES (N'527180c9-761e-4775-a0fb-5c368252ce6e', N'CT', N'FY60-2H', N'CT', N'修偲科技有限公司', N'Startup', N'Ⅱ', N'2.65', N'2.6', N'1.3', N'3.3', N'NA', N'2.7', N'FY60-2H', N'已完成', N'00003', CAST(N'2024-01-01T00:00:00.000' AS DateTime), N'00003', CAST(N'2024-01-01T00:00:00.000' AS DateTime))
GO
INSERT [dbo].[TET_SupplierSPA] ([ID], [BelongTo], [Period], [BU], [ServiceFor], [AssessmentItem], [PerformanceLevel], [TotalScore], [TScore], [DScore], [QScore], [CScore], [SScore], [Comment], [ApproveStatus], [CreateUser], [CreateDate], [ModifyUser], [ModifyDate]) VALUES (N'b4f4f5ba-3968-4bcf-bf43-5cc40a33a7ff', N'DSS_AC', N'FY61-1H', N'CT', N'修偲科技有限公司', N'Modification', N'Ⅰ', N'1.86', N'1.8', N'1.7', N'2.0', N'2.4', N'1.3', N'FY61-1H', N'已完成', N'00003', CAST(N'2024-01-01T00:00:00.000' AS DateTime), N'00003', CAST(N'2024-01-01T00:00:00.000' AS DateTime))
GO
INSERT [dbo].[TET_SupplierSPA] ([ID], [BelongTo], [Period], [BU], [ServiceFor], [AssessmentItem], [PerformanceLevel], [TotalScore], [TScore], [DScore], [QScore], [CScore], [SScore], [Comment], [ApproveStatus], [CreateUser], [CreateDate], [ModifyUser], [ModifyDate]) VALUES (N'5a61e32b-762e-40e0-aafd-6042e0c31767', N'CT', N'FY60-2H', N'CT', N'翔研科技有限公司', N'Startup', N'Ⅲ', N'2.81', N'1.3', N'4.0', N'4.0', N'2.4', N'3.0', N'FY60-2H', N'已完成', N'00003', CAST(N'2024-01-01T00:00:00.000' AS DateTime), N'00003', CAST(N'2024-01-01T00:00:00.000' AS DateTime))
GO
INSERT [dbo].[TET_SupplierSPA] ([ID], [BelongTo], [Period], [BU], [ServiceFor], [AssessmentItem], [PerformanceLevel], [TotalScore], [TScore], [DScore], [QScore], [CScore], [SScore], [Comment], [ApproveStatus], [CreateUser], [CreateDate], [ModifyUser], [ModifyDate]) VALUES (N'5dd71a26-f9a1-4bcc-a731-679fd553d24d', N'CT', N'FY61-1H', N'CT', N'修偲科技有限公司', N'Startup', N'Ⅱ', N'2.47', N'2.0', N'2.0', N'3.3', N'NA', N'2.0', N'FY61-1H', N'已完成', N'00003', CAST(N'2024-01-01T00:00:00.000' AS DateTime), N'00003', CAST(N'2024-01-01T00:00:00.000' AS DateTime))
GO
INSERT [dbo].[TET_SupplierSPA] ([ID], [BelongTo], [Period], [BU], [ServiceFor], [AssessmentItem], [PerformanceLevel], [TotalScore], [TScore], [DScore], [QScore], [CScore], [SScore], [Comment], [ApproveStatus], [CreateUser], [CreateDate], [ModifyUser], [ModifyDate]) VALUES (N'dbae9056-7e99-4bb2-911f-70e17ae92d14', N'ES', N'FY60-2H', N'ES', N'宜華科創股份有限公司', N'Startup', N'Ⅲ', N'2.81', N'1.3', N'4.0', N'4.0', N'2.4', N'3.0', N'FY60-2H', N'已完成', N'00003', CAST(N'2024-01-01T00:00:00.000' AS DateTime), N'00003', CAST(N'2024-01-01T00:00:00.000' AS DateTime))
GO
INSERT [dbo].[TET_SupplierSPA] ([ID], [BelongTo], [Period], [BU], [ServiceFor], [AssessmentItem], [PerformanceLevel], [TotalScore], [TScore], [DScore], [QScore], [CScore], [SScore], [Comment], [ApproveStatus], [CreateUser], [CreateDate], [ModifyUser], [ModifyDate]) VALUES (N'd706af5c-9a91-47a1-9551-7db0d102b8ac', N'DSS_AC', N'FY60-2H', N'CT', N'修偲科技有限公司', N'Modification', N'Ⅳ', N'3.21', N'2.7', N'4.0', N'4.0', N'2.4', N'3.0', N'FY60-2H', N'已完成', N'00003', CAST(N'2024-01-01T00:00:00.000' AS DateTime), N'00003', CAST(N'2024-01-01T00:00:00.000' AS DateTime))
GO
INSERT [dbo].[TET_SupplierSPA] ([ID], [BelongTo], [Period], [BU], [ServiceFor], [AssessmentItem], [PerformanceLevel], [TotalScore], [TScore], [DScore], [QScore], [CScore], [SScore], [Comment], [ApproveStatus], [CreateUser], [CreateDate], [ModifyUser], [ModifyDate]) VALUES (N'5bcb42ac-5638-4363-b24b-87d89a64a734', N'CT', N'FY60-2H', N'CT', N'修偲科技有限公司', N'FE', N'Ⅲ', N'3.06', N'2.4', N'3.0', N'4.0', N'2.4', N'3.0', N'FY60-2H', N'已完成', N'00003', CAST(N'2024-01-01T00:00:00.000' AS DateTime), N'00003', CAST(N'2024-01-01T00:00:00.000' AS DateTime))
GO
INSERT [dbo].[TET_SupplierSPA] ([ID], [BelongTo], [Period], [BU], [ServiceFor], [AssessmentItem], [PerformanceLevel], [TotalScore], [TScore], [DScore], [QScore], [CScore], [SScore], [Comment], [ApproveStatus], [CreateUser], [CreateDate], [ModifyUser], [ModifyDate]) VALUES (N'2d474130-235d-4b46-839b-9199a74a341b', N'ES', N'FY61-1H', N'ES', N'宜華科創股份有限公司', N'Startup', N'Ⅳ', N'3.46', N'4.0', N'3.0', N'4.0', N'2.4', N'3.0', N'FY61-1H', N'已完成', N'00003', CAST(N'2024-01-01T00:00:00.000' AS DateTime), N'00003', CAST(N'2024-01-01T00:00:00.000' AS DateTime))
GO
INSERT [dbo].[TET_SupplierSPA] ([ID], [BelongTo], [Period], [BU], [ServiceFor], [AssessmentItem], [PerformanceLevel], [TotalScore], [TScore], [DScore], [QScore], [CScore], [SScore], [Comment], [ApproveStatus], [CreateUser], [CreateDate], [ModifyUser], [ModifyDate]) VALUES (N'8d59b45b-348f-440c-8aad-a572e6802761', N'CT', N'FY60-2H', N'CT', N'修偲科技有限公司', N'Startup', N'Ⅲ', N'2.96', N'2.8', N'3.3', N'3.3', N'2.4', N'2.7', N'FY60-2H', N'已完成', N'00003', CAST(N'2024-01-01T00:00:00.000' AS DateTime), N'00003', CAST(N'2024-01-01T00:00:00.000' AS DateTime))
GO
INSERT [dbo].[TET_SupplierSPA] ([ID], [BelongTo], [Period], [BU], [ServiceFor], [AssessmentItem], [PerformanceLevel], [TotalScore], [TScore], [DScore], [QScore], [CScore], [SScore], [Comment], [ApproveStatus], [CreateUser], [CreateDate], [ModifyUser], [ModifyDate]) VALUES (N'644fd686-50f3-4e24-8ee4-baa0c22be1e5', N'CT', N'FY61-1H', N'CT', N'翔研科技有限公司', N'Startup', N'Ⅰ', N'1.81', N'1.8', N'1.3', N'2.0', N'2.4', N'1.3', N'FY61-1H', N'已完成', N'00003', CAST(N'2024-01-01T00:00:00.000' AS DateTime), N'00003', CAST(N'2024-01-01T00:00:00.000' AS DateTime))
GO
INSERT [dbo].[TET_SupplierSPA] ([ID], [BelongTo], [Period], [BU], [ServiceFor], [AssessmentItem], [PerformanceLevel], [TotalScore], [TScore], [DScore], [QScore], [CScore], [SScore], [Comment], [ApproveStatus], [CreateUser], [CreateDate], [ModifyUser], [ModifyDate]) VALUES (N'e3ca044b-4559-4697-b6a7-c9e5b5b36519', N'DSS_PP', N'FY61-1H', N'SPS', N'修偲科技有限公司', N'8" Startup', N'Ⅱ', N'2.46', N'1.8', N'2.7', N'3.3', N'2.4', N'1.7', N'FY61-1H', N'已完成', N'00003', CAST(N'2024-01-01T00:00:00.000' AS DateTime), N'00003', CAST(N'2024-01-01T00:00:00.000' AS DateTime))
GO
INSERT [dbo].[TET_SupplierSPA] ([ID], [BelongTo], [Period], [BU], [ServiceFor], [AssessmentItem], [PerformanceLevel], [TotalScore], [TScore], [DScore], [QScore], [CScore], [SScore], [Comment], [ApproveStatus], [CreateUser], [CreateDate], [ModifyUser], [ModifyDate]) VALUES (N'03e5eeb9-2d42-46c9-a422-dcae902447e3', N'SPS', N'FY61-1H', N'SPS', N'宜華科創股份有限公司', N'Startup', N'Ⅲ', N'3.02', N'3.4', N'4.0', N'3.3', N'0.8', N'3.0', N'FY61-1H', N'已完成', N'00003', CAST(N'2024-01-01T00:00:00.000' AS DateTime), N'00003', CAST(N'2024-01-01T00:00:00.000' AS DateTime))
GO
INSERT [dbo].[TET_SupplierSPA] ([ID], [BelongTo], [Period], [BU], [ServiceFor], [AssessmentItem], [PerformanceLevel], [TotalScore], [TScore], [DScore], [QScore], [CScore], [SScore], [Comment], [ApproveStatus], [CreateUser], [CreateDate], [ModifyUser], [ModifyDate]) VALUES (N'222b7ede-371e-4d5a-948a-e88584e4f648', N'SPS', N'FY60-2H', N'SPS', N'翔研科技有限公司', N'FE', N'Ⅴ', N'3.61', N'4.0', N'4.0', N'4.0', N'2.4', N'3.0', N'FY60-2H', N'已完成', N'00003', CAST(N'2024-01-01T00:00:00.000' AS DateTime), N'00003', CAST(N'2024-01-01T00:00:00.000' AS DateTime))
GO
INSERT [dbo].[TET_SupplierSPA] ([ID], [BelongTo], [Period], [BU], [ServiceFor], [AssessmentItem], [PerformanceLevel], [TotalScore], [TScore], [DScore], [QScore], [CScore], [SScore], [Comment], [ApproveStatus], [CreateUser], [CreateDate], [ModifyUser], [ModifyDate]) VALUES (N'7cec072f-15b6-486d-bae1-eba98b6cd690', N'CT', N'FY61-1H', N'CT', N'修偲科技有限公司', N'FE', N'Ⅱ', N'2.16', N'1.2', N'0.7', N'3.3', N'2.4', N'2.7', N'FY61-1H', N'已完成', N'00003', CAST(N'2024-01-01T00:00:00.000' AS DateTime), N'00003', CAST(N'2024-01-01T00:00:00.000' AS DateTime))
GO
INSERT [dbo].[TET_SupplierSPAApproval] ([ID], [SPAID], [Type], [Description], [Level], [Approver], [Result], [Comment], [CreateUser], [CreateDate], [ModifyUser], [ModifyDate]) VALUES (N'4c8240a1-1851-485e-9dd7-0c4484866a0f', N'2bbffd43-5709-4908-a337-36c88a33f644', N'新增SPA資料審核', N'新增SPA資料審核_123', N'User_GL', N'00001', N'退回上一關', N'123', N'00002', CAST(N'2024-01-25T13:27:33.027' AS DateTime), N'00001', CAST(N'2024-01-25T13:28:12.900' AS DateTime))
GO
INSERT [dbo].[TET_SupplierSPAApproval] ([ID], [SPAID], [Type], [Description], [Level], [Approver], [Result], [Comment], [CreateUser], [CreateDate], [ModifyUser], [ModifyDate]) VALUES (N'29b4b5ff-cb08-46e1-94ce-79b6c982b73d', N'2bbffd43-5709-4908-a337-36c88a33f644', N'新增SPA資料審核', N'新增SPA資料審核_123', N'User_GL', N'00002', N'同意', N'123', N'00003', CAST(N'2024-01-25T12:49:20.463' AS DateTime), N'00002', CAST(N'2024-01-25T13:26:15.327' AS DateTime))
GO
INSERT [dbo].[TET_SupplierSTQA] ([ID], [BelongTo], [Purpose], [BusinessTerm], [Date], [Type], [UnitALevel], [UnitCLevel], [UnitDLevel], [Comment], [ApproveStatus], [CreateUser], [CreateDate], [ModifyUser], [ModifyDate]) VALUES (N'9ddda2b0-515a-4473-8f5e-3224364a28d1', N'123', N'更新 Continued', N'維修勞務 Repair Labor', CAST(N'2024-01-21' AS Date), N'Type 2: 廠商自評 Self Assessment', N'Ⅲ', N'Ⅱ', N'Ⅱ', N'123', N'已退回', N'00003', CAST(N'2024-01-24T17:42:12.287' AS DateTime), N'00002', CAST(N'2024-01-25T18:04:49.097' AS DateTime))
GO
INSERT [dbo].[TET_SupplierSTQA] ([ID], [BelongTo], [Purpose], [BusinessTerm], [Date], [Type], [UnitALevel], [UnitCLevel], [UnitDLevel], [Comment], [ApproveStatus], [CreateUser], [CreateDate], [ModifyUser], [ModifyDate]) VALUES (N'92b6a2a9-4f77-42ba-9f20-e21695f5854f', N'123', N'更新 Continued', N'維修勞務 Repair Labor', CAST(N'2024-01-29' AS Date), N'Type 2: 廠商自評 Self Assessment', N'Ⅲ', N'Ⅲ', N'Ⅲ', N'123', NULL, N'00003', CAST(N'2024-01-29T15:33:37.720' AS DateTime), N'00003', CAST(N'2024-01-29T15:33:37.720' AS DateTime))
GO
INSERT [dbo].[TET_SupplierSTQAApproval] ([ID], [STQAID], [Type], [Description], [Level], [Approver], [Result], [Comment], [CreateUser], [CreateDate], [ModifyUser], [ModifyDate]) VALUES (N'b02da7d5-6b05-4f5d-a83e-f5e9d12ce453', N'9ddda2b0-515a-4473-8f5e-3224364a28d1', N'新增STQA資料審核', N'新增STQA資料審核_123', N'User_GL', N'00002', N'退回上一關', N'123', N'00003', CAST(N'2024-01-25T17:19:29.750' AS DateTime), N'00002', CAST(N'2024-01-25T18:04:49.097' AS DateTime))
GO
INSERT [dbo].[UserRoles] ([ID], [UserID], [RoleID], [CreateUser], [CreateDate], [ModifyUser], [ModifyDate]) VALUES (N'8be38f1b-3576-4492-b1d9-0414025b22dd', N'3901340D-49AB-4BC9-B86E-4D1B17F5AB0F', N'e635b664-a548-4231-857d-a9853e9967ba', N'F9C2F7F4-CF1A-41C0-B767-0D5217E8863F', CAST(N'2021-11-06T00:11:05.630' AS DateTime), NULL, NULL)
GO
INSERT [dbo].[UserRoles] ([ID], [UserID], [RoleID], [CreateUser], [CreateDate], [ModifyUser], [ModifyDate]) VALUES (N'19a977e8-ea29-4331-9801-0e1db0d7bda5', N'3901340D-49AB-4BC9-B86E-4D1B17F5AB0F', N'56b36fe5-bbd8-4ca1-b600-baa7cd929645', N'F9C2F7F4-CF1A-41C0-B767-0D5217E8863F', CAST(N'2021-11-08T14:38:02.090' AS DateTime), N'F9C2F7F4-CF1A-41C0-B767-0D5217E8863F', CAST(N'2021-11-08T14:38:08.197' AS DateTime))
GO
INSERT [dbo].[UserRoles] ([ID], [UserID], [RoleID], [CreateUser], [CreateDate], [ModifyUser], [ModifyDate]) VALUES (N'fd409068-81e1-47e2-962c-1c7600bc3e44', N'4C1D4239-EC40-4254-BD5A-3F6B23EF5A11', N'56b36fe5-bbd8-4ca1-b600-baa7cd929645', N'F9C2F7F4-CF1A-41C0-B767-0D5217E8863F', CAST(N'2021-11-08T14:38:15.283' AS DateTime), N'F9C2F7F4-CF1A-41C0-B767-0D5217E8863F', CAST(N'2021-11-08T14:38:20.913' AS DateTime))
GO
INSERT [dbo].[UserRoles] ([ID], [UserID], [RoleID], [CreateUser], [CreateDate], [ModifyUser], [ModifyDate]) VALUES (N'00e2ff84-0d79-4fdc-a7bf-715de6cd2981', N'D0F3A162-B5C5-4EFF-9CE5-F1D81F39EA6F', N'56b36fe5-bbd8-4ca1-b600-baa7cd929645', N'F9C2F7F4-CF1A-41C0-B767-0D5217E8863F', CAST(N'2021-11-08T14:38:02.090' AS DateTime), N'F9C2F7F4-CF1A-41C0-B767-0D5217E8863F', CAST(N'2021-11-08T14:38:08.197' AS DateTime))
GO
INSERT [dbo].[UserRoles] ([ID], [UserID], [RoleID], [CreateUser], [CreateDate], [ModifyUser], [ModifyDate]) VALUES (N'fa075a22-9bdd-4a53-a0e3-7eb6df3556e5', N'F9C2F7F4-CF1A-41C0-B767-0D5217E8863F', N'e635b664-a548-4231-857d-a9853e9967ba', N'F9C2F7F4-CF1A-41C0-B767-0D5217E8863F', CAST(N'2021-11-06T00:11:05.630' AS DateTime), NULL, NULL)
GO
INSERT [dbo].[UserRoles] ([ID], [UserID], [RoleID], [CreateUser], [CreateDate], [ModifyUser], [ModifyDate]) VALUES (N'cef2e6fa-d522-4cf8-95a4-88d42bbad074', N'D0F3A162-B5C5-4EFF-9CE5-F1D81F39EA6F', N'e635b664-a548-4231-857d-a9853e9967ba', N'F9C2F7F4-CF1A-41C0-B767-0D5217E8863F', CAST(N'2021-11-06T00:11:05.630' AS DateTime), NULL, NULL)
GO
INSERT [dbo].[UserRoles] ([ID], [UserID], [RoleID], [CreateUser], [CreateDate], [ModifyUser], [ModifyDate]) VALUES (N'ae411bdf-e787-44f1-8622-cabbb7b8628a', N'4C1D4239-EC40-4254-BD5A-3F6B23EF5A11', N'e635b664-a548-4231-857d-a9853e9967ba', N'F9C2F7F4-CF1A-41C0-B767-0D5217E8863F', CAST(N'2021-11-06T00:11:05.630' AS DateTime), NULL, NULL)
GO
INSERT [dbo].[UserRoles] ([ID], [UserID], [RoleID], [CreateUser], [CreateDate], [ModifyUser], [ModifyDate]) VALUES (N'aac96c61-74f3-43fe-9383-ed32f0fb5ed5', N'D0F3A162-B5C5-4EFF-9CE5-F1D81F39EA6F', N'56b36fe5-bbd8-4ca1-b600-baa7cd929645', N'F9C2F7F4-CF1A-41C0-B767-0D5217E8863F', CAST(N'2021-11-08T14:38:15.283' AS DateTime), N'F9C2F7F4-CF1A-41C0-B767-0D5217E8863F', CAST(N'2021-11-08T14:38:20.913' AS DateTime))
GO
INSERT [dbo].[Users] ([UserID], [EmpID], [FirstNameEN], [LastNameEN], [FirstNameCH], [LastNameCH], [UnitCode], [UnitName], [LeaderID], [EMail], [IsEnabled]) VALUES (N'00001', N'00001', N'Wendy', N'Wu', N'溫蒂', N'吳', N'0001', N'總經理室', N'', N'dplayerd@gmail.com', N'Y')
GO
INSERT [dbo].[Users] ([UserID], [EmpID], [FirstNameEN], [LastNameEN], [FirstNameCH], [LastNameCH], [UnitCode], [UnitName], [LeaderID], [EMail], [IsEnabled]) VALUES (N'00002', N'00002', N'SRI_SS_GL', N'Chang', N'SRI_SS_GL', N'張', N'1001', N'採購課', N'00001', N'dplayerd@gmail.com', N'Y')
GO
INSERT [dbo].[Users] ([UserID], [EmpID], [FirstNameEN], [LastNameEN], [FirstNameCH], [LastNameCH], [UnitCode], [UnitName], [LeaderID], [EMail], [IsEnabled]) VALUES (N'00003', N'00003', N'SRI_SS_1', N'Lee', N'SRI_SS_1', N'李', N'1001', N'採購課', N'00002', N'dplayerd@gmail.com', N'Y')
GO
INSERT [dbo].[Users] ([UserID], [EmpID], [FirstNameEN], [LastNameEN], [FirstNameCH], [LastNameCH], [UnitCode], [UnitName], [LeaderID], [EMail], [IsEnabled]) VALUES (N'00004', N'00004', N'SRI_SS_2', N'Wong', N'SRI_SS_2', N'王', N'1001', N'採購課', N'00002', N'dplayerd@gmail.com', N'Y')
GO
INSERT [dbo].[Users] ([UserID], [EmpID], [FirstNameEN], [LastNameEN], [FirstNameCH], [LastNameCH], [UnitCode], [UnitName], [LeaderID], [EMail], [IsEnabled]) VALUES (N'00005', N'00005', N'Chun-Yen', N'Chang', N'俊彥', N'張', N'2001', N'研發課', N'00001', N'dplayerd@gmail.com', N'Y')
GO
INSERT [dbo].[Users] ([UserID], [EmpID], [FirstNameEN], [LastNameEN], [FirstNameCH], [LastNameCH], [UnitCode], [UnitName], [LeaderID], [EMail], [IsEnabled]) VALUES (N'00006', N'00006', N'William', N'Li', N'威廉', N'李', N'2001', N'研發課', N'00005', N'dplayerd@gmail.com', N'Y')
GO
INSERT [dbo].[Users] ([UserID], [EmpID], [FirstNameEN], [LastNameEN], [FirstNameCH], [LastNameCH], [UnitCode], [UnitName], [LeaderID], [EMail], [IsEnabled]) VALUES (N'00007', N'00007', N'Steven', N'Lee', N'宜霖', N'李', N'2002', N'製造課', N'00001', N'dplayerd@gmail.com', N'Y')
GO
INSERT [dbo].[Users] ([UserID], [EmpID], [FirstNameEN], [LastNameEN], [FirstNameCH], [LastNameCH], [UnitCode], [UnitName], [LeaderID], [EMail], [IsEnabled]) VALUES (N'00008', N'00008', N'Betty', N'Lin', N'小佳', N'林', N'2002', N'製造課', N'00007', N'dplayerd@gmail.com', N'Y')
GO
INSERT [dbo].[Users] ([UserID], [EmpID], [FirstNameEN], [LastNameEN], [FirstNameCH], [LastNameCH], [UnitCode], [UnitName], [LeaderID], [EMail], [IsEnabled]) VALUES (N'00009', N'00009', N'ACC_31', N'Chen', N'ACC_31', N'陳', N'3001', N'會計課', N'00001', N'dplayerd@gmail.com', N'Y')
GO
INSERT [dbo].[Users] ([UserID], [EmpID], [FirstNameEN], [LastNameEN], [FirstNameCH], [LastNameCH], [UnitCode], [UnitName], [LeaderID], [EMail], [IsEnabled]) VALUES (N'00010', N'00010', N'ACC_32', N'Huang', N'ACC_32', N'黃', N'3001', N'會計課', N'00001', N'dplayerd@gmail.com', N'Y')
GO
INSERT [dbo].[Users] ([UserID], [EmpID], [FirstNameEN], [LastNameEN], [FirstNameCH], [LastNameCH], [UnitCode], [UnitName], [LeaderID], [EMail], [IsEnabled]) VALUES (N'00011', N'00011', N'ACC_21', N'Lin', N'ACC_21', N'林', N'3001', N'會計課', N'00010', N'dplayerd@gmail.com', N'Y')
GO
INSERT [dbo].[Users] ([UserID], [EmpID], [FirstNameEN], [LastNameEN], [FirstNameCH], [LastNameCH], [UnitCode], [UnitName], [LeaderID], [EMail], [IsEnabled]) VALUES (N'00012', N'00012', N'ACC_22', N'Wu', N'ACC_22', N'吳', N'3001', N'會計課', N'00009', N'dplayerd@gmail.com', N'Y')
GO
INSERT [dbo].[Users] ([UserID], [EmpID], [FirstNameEN], [LastNameEN], [FirstNameCH], [LastNameCH], [UnitCode], [UnitName], [LeaderID], [EMail], [IsEnabled]) VALUES (N'00013', N'00013', N'ACC_11', N'Chang', N'ACC_11', N'張', N'3001', N'會計課', N'00011', N'dplayerd@gmail.com', N'Y')
GO
INSERT [dbo].[Users] ([UserID], [EmpID], [FirstNameEN], [LastNameEN], [FirstNameCH], [LastNameCH], [UnitCode], [UnitName], [LeaderID], [EMail], [IsEnabled]) VALUES (N'00014', N'00014', N'ACC_12', N'Lee', N'ACC_12', N'李', N'3001', N'會計課', N'00012', N'dplayerd@gmail.com', N'Y')
GO
SET IDENTITY_INSERT [dbo].[Vendors] ON 
GO
INSERT [dbo].[Vendors] ([SeqNo], [ID], [Name], [Code], [Description], [IsEnable], [CreateUser], [CreateDate], [ModifyUser], [ModifyDate], [DeleteUser], [DeleteDate]) VALUES (4, N'b906fd83-ecc9-48c8-965c-426e53821e16', N' 測試廠商', N'V-003', NULL, 1, N'f9c2f7f4-cf1a-41c0-b767-0d5217e8863f', CAST(N'2021-12-10T11:43:10.580' AS DateTime), NULL, NULL, NULL, NULL)
GO
INSERT [dbo].[Vendors] ([SeqNo], [ID], [Name], [Code], [Description], [IsEnable], [CreateUser], [CreateDate], [ModifyUser], [ModifyDate], [DeleteUser], [DeleteDate]) VALUES (1, N'195b9352-6ba6-400c-901e-baa3c3582066', N'Vendor01', N'V-001', NULL, 1, N'f9c2f7f4-cf1a-41c0-b767-0d5217e8863f', CAST(N'2021-12-06T08:18:26.847' AS DateTime), N'f9c2f7f4-cf1a-41c0-b767-0d5217e8863f', CAST(N'2021-12-09T16:21:20.127' AS DateTime), NULL, NULL)
GO
SET IDENTITY_INSERT [dbo].[Vendors] OFF
GO
